Order ID,Date,Region,State,Product,Category,Units,Unit Price,Customer Segment,Revenue,Profit
ORD-00641,2024-01-05,West,Washington,Bookcases,Furniture,12,267.61,Consumer,3211.32,65.74
ORD-00635,2024-01-06,West,Arizona,Tables,Furniture,4,392.04,Home Office,1568.16,77.11
ORD-00185,2024-01-08,East,New York,Binders,Office Supplies,6,38.69,Consumer,232.14,47.08
ORD-00501,2024-01-08,West,Washington,Computers,Technology,5,263.7,Home Office,1318.5,79.12
ORD-00017,2024-01-09,Central,Ohio,Accessories,Technology,5,522.99,Consumer,2614.95,344.75
ORD-00543,2024-01-09,South,Georgia,Binders,Office Supplies,5,31.91,Consumer,159.55,13.27
ORD-00103,2024-01-10,East,Massachusetts,Computers,Technology,3,288.8,Consumer,866.4,234.14
ORD-00132,2024-01-10,Central,Illinois,Phones,Technology,4,458.88,Home Office,1835.52,263.29
ORD-00160,2024-01-11,Central,Illinois,Computers,Technology,3,590.9,Consumer,1772.7,252.52
ORD-00528,2024-01-11,West,Arizona,Chairs,Furniture,4,421.26,Corporate,1685.04,14.98
ORD-00016,2024-01-12,East,New Jersey,Phones,Technology,6,317.52,Corporate,1905.12,421.69
ORD-00129,2024-01-13,East,New Jersey,Binders,Office Supplies,4,20.01,Consumer,80.04,8.05
ORD-00179,2024-01-13,East,Massachusetts,Phones,Technology,8,506.18,Consumer,4049.44,580.36
ORD-00269,2024-01-13,West,California,Phones,Technology,10,260.96,Consumer,2609.6,296.08
ORD-00178,2024-01-15,Central,Illinois,Chairs,Furniture,1,249.55,Corporate,249.55,12.31
ORD-00442,2024-01-16,South,Georgia,Storage,Office Supplies,4,37.14,Corporate,148.56,7.73
ORD-00456,2024-01-16,Central,Illinois,Paper,Office Supplies,2,34.46,Corporate,68.92,14.18
ORD-00573,2024-01-16,South,Georgia,Phones,Technology,6,547.11,Consumer,3282.66,809.46
ORD-00197,2024-01-17,South,Florida,Tables,Furniture,11,439.24,Corporate,4831.64,137.43
ORD-00638,2024-01-17,West,Arizona,Chairs,Furniture,10,373.77,Consumer,3737.7,25.67
ORD-00095,2024-01-18,East,Massachusetts,Furnishings,Furniture,9,309.16,Consumer,2782.44,28.26
ORD-00471,2024-01-18,East,New Jersey,Accessories,Technology,9,513.89,Consumer,4625.01,1186.43
ORD-00612,2024-01-19,West,Oregon,Paper,Office Supplies,9,17.95,Home Office,161.55,49.18
ORD-00613,2024-01-19,Central,Missouri,Tables,Furniture,3,333.14,Consumer,999.42,39.46
ORD-00002,2024-01-20,West,Oregon,Chairs,Furniture,5,201.76,Home Office,1008.8,12.33
ORD-00504,2024-01-21,East,Pennsylvania,Chairs,Furniture,2,475.98,Consumer,951.96,26.69
ORD-00661,2024-01-21,West,California,Tables,Furniture,11,192.02,Home Office,2112.22,45.95
ORD-00529,2024-01-22,South,Georgia,Bookcases,Furniture,10,181.73,Corporate,1817.3,78.26
ORD-00560,2024-01-22,East,Massachusetts,Computers,Technology,5,797.55,Corporate,3987.75,955.47
ORD-00615,2024-01-23,West,California,Computers,Technology,5,676.9,Home Office,3384.5,426.87
ORD-00329,2024-01-24,Central,Minnesota,Binders,Office Supplies,4,25.23,Consumer,100.92,27.14
ORD-00092,2024-01-25,East,Virginia,Bookcases,Furniture,6,269.96,Consumer,1619.76,65.6
ORD-00550,2024-01-27,West,Nevada,Chairs,Furniture,10,408.3,Corporate,4083.0,30.48
ORD-00296,2024-01-28,Central,Illinois,Binders,Office Supplies,1,20.64,Consumer,20.64,5.22
ORD-00669,2024-01-28,South,Texas,Storage,Office Supplies,3,18.43,Home Office,55.29,12.02
ORD-00483,2024-01-30,Central,Missouri,Paper,Office Supplies,11,17.27,Consumer,189.97,65.2
ORD-00677,2024-01-30,South,North Carolina,Chairs,Furniture,2,325.21,Consumer,650.42,-11.0
ORD-00060,2024-02-01,West,California,Accessories,Technology,6,429.85,Corporate,2579.1,154.35
ORD-00447,2024-02-01,South,Georgia,Storage,Office Supplies,7,37.44,Corporate,262.08,41.96
ORD-00344,2024-02-06,West,Colorado,Furnishings,Furniture,12,383.78,Corporate,4605.36,76.05
ORD-00021,2024-02-07,East,Pennsylvania,Binders,Office Supplies,9,22.54,Consumer,202.86,10.69
ORD-00265,2024-02-07,Central,Illinois,Phones,Technology,2,500.62,Consumer,1001.24,99.21
ORD-00636,2024-02-07,West,Colorado,Phones,Technology,4,624.42,Consumer,2497.68,523.93
ORD-00170,2024-02-09,South,Texas,Furnishings,Furniture,2,262.17,Corporate,524.34,21.0
ORD-00352,2024-02-10,West,Arizona,Phones,Technology,9,465.83,Home Office,4192.47,951.16
ORD-00362,2024-02-10,West,Arizona,Storage,Office Supplies,9,21.05,Corporate,189.45,29.98
ORD-00627,2024-02-10,East,New Jersey,Phones,Technology,8,686.35,Consumer,5490.8,179.77
ORD-00220,2024-02-12,East,Pennsylvania,Chairs,Furniture,5,416.83,Home Office,2084.15,68.28
ORD-00252,2024-02-12,Central,Illinois,Computers,Technology,7,316.14,Home Office,2212.98,245.91
ORD-00577,2024-02-12,West,Washington,Computers,Technology,11,493.57,Consumer,5429.27,520.71
ORD-00015,2024-02-13,Central,Minnesota,Tables,Furniture,3,464.48,Consumer,1393.44,33.48
ORD-00297,2024-02-13,Central,Illinois,Accessories,Technology,9,322.0,Consumer,2898.0,293.77
ORD-00492,2024-02-13,West,Nevada,Phones,Technology,1,367.58,Consumer,367.58,39.28
ORD-00189,2024-02-14,South,Georgia,Chairs,Furniture,8,406.4,Consumer,3251.2,-57.95
ORD-00338,2024-02-14,East,Massachusetts,Paper,Office Supplies,5,27.44,Consumer,137.2,30.86
ORD-00209,2024-02-15,West,Arizona,Computers,Technology,5,563.67,Corporate,2818.35,105.64
ORD-00085,2024-02-16,West,Arizona,Accessories,Technology,12,451.06,Consumer,5412.72,390.16
ORD-00553,2024-02-16,Central,Illinois,Storage,Office Supplies,2,34.75,Corporate,69.5,6.55
ORD-00357,2024-02-18,West,Colorado,Accessories,Technology,10,735.93,Consumer,7359.3,2106.03
ORD-00391,2024-02-18,West,Colorado,Art,Office Supplies,11,38.69,Consumer,425.59,137.21
ORD-00567,2024-02-19,West,Oregon,Computers,Technology,10,706.1,Corporate,7061.0,571.15
ORD-00676,2024-02-19,West,Oregon,Chairs,Furniture,9,464.49,Consumer,4180.41,-26.55
ORD-00122,2024-02-20,Central,Missouri,Computers,Technology,11,592.82,Corporate,6521.02,577.11
ORD-00054,2024-02-21,South,Florida,Binders,Office Supplies,7,28.5,Consumer,199.5,47.19
ORD-00356,2024-02-21,Central,Minnesota,Paper,Office Supplies,12,28.41,Consumer,340.92,72.1
ORD-00478,2024-02-21,South,Tennessee,Accessories,Technology,2,318.0,Consumer,636.0,96.87
ORD-00520,2024-02-23,East,New York,Tables,Furniture,6,330.38,Corporate,1982.28,-31.6
ORD-00181,2024-02-24,South,Tennessee,Storage,Office Supplies,8,26.38,Home Office,211.04,72.5
ORD-00660,2024-02-24,West,Nevada,Binders,Office Supplies,8,17.32,Corporate,138.56,48.58
ORD-00403,2024-02-25,Central,Minnesota,Storage,Office Supplies,9,25.96,Consumer,233.64,45.15
ORD-00454,2024-02-25,West,Washington,Binders,Office Supplies,6,25.79,Consumer,154.74,39.43
ORD-00274,2024-02-28,East,Pennsylvania,Storage,Office Supplies,4,24.97,Corporate,99.88,32.73
ORD-00279,2024-02-29,South,Tennessee,Binders,Office Supplies,2,20.36,Consumer,40.72,10.4
ORD-00390,2024-02-29,West,Washington,Paper,Office Supplies,7,37.49,Home Office,262.43,73.46
ORD-00507,2024-02-29,East,Virginia,Binders,Office Supplies,1,38.35,Home Office,38.35,7.42
ORD-00005,2024-03-02,East,New York,Furnishings,Furniture,5,218.11,Home Office,1090.55,-1.6
ORD-00035,2024-03-02,South,Tennessee,Storage,Office Supplies,12,38.26,Corporate,459.12,109.02
ORD-00285,2024-03-02,South,Georgia,Chairs,Furniture,4,427.75,Consumer,1711.0,9.8
ORD-00372,2024-03-02,West,Washington,Binders,Office Supplies,6,15.34,Corporate,92.04,10.98
ORD-00467,2024-03-02,Central,Missouri,Accessories,Technology,10,549.46,Consumer,5494.6,1096.58
ORD-00139,2024-03-03,South,North Carolina,Phones,Technology,6,510.55,Consumer,3063.3,137.73
ORD-00059,2024-03-04,West,Washington,Binders,Office Supplies,6,32.05,Consumer,192.3,41.97
ORD-00200,2024-03-04,East,New Jersey,Computers,Technology,3,269.22,Home Office,807.66,224.6
ORD-00259,2024-03-04,South,Georgia,Phones,Technology,6,457.25,Consumer,2743.5,232.23
ORD-00463,2024-03-04,Central,Ohio,Accessories,Technology,8,783.81,Consumer,6270.48,1291.07
ORD-00207,2024-03-06,Central,Minnesota,Binders,Office Supplies,5,41.44,Corporate,207.2,12.88
ORD-00647,2024-03-07,South,Georgia,Tables,Furniture,12,342.25,Consumer,4107.0,57.91
ORD-00308,2024-03-08,West,Oregon,Bookcases,Furniture,9,442.35,Corporate,3981.15,40.95
ORD-00505,2024-03-08,Central,Illinois,Computers,Technology,7,589.33,Corporate,4125.31,955.12
ORD-00547,2024-03-08,East,New Jersey,Chairs,Furniture,9,332.4,Consumer,2991.6,139.58
ORD-00429,2024-03-09,South,Georgia,Binders,Office Supplies,9,33.57,Home Office,302.13,50.88
ORD-00065,2024-03-10,West,Nevada,Binders,Office Supplies,2,24.14,Corporate,48.28,10.97
ORD-00101,2024-03-10,West,Oregon,Storage,Office Supplies,3,20.96,Home Office,62.88,21.18
ORD-00152,2024-03-10,West,California,Art,Office Supplies,3,20.85,Corporate,62.55,2.7
ORD-00506,2024-03-10,South,North Carolina,Binders,Office Supplies,5,28.99,Corporate,144.95,50.79
ORD-00221,2024-03-11,South,Florida,Accessories,Technology,9,289.79,Consumer,2608.11,353.47
ORD-00086,2024-03-12,East,New Jersey,Phones,Technology,6,562.36,Consumer,3374.16,209.55
ORD-00482,2024-03-12,West,Arizona,Furnishings,Furniture,9,183.61,Consumer,1652.49,46.85
ORD-00304,2024-03-13,South,Florida,Paper,Office Supplies,4,34.44,Consumer,137.76,42.89
ORD-00371,2024-03-13,Central,Illinois,Computers,Technology,1,555.42,Corporate,555.42,43.04
ORD-00574,2024-03-13,Central,Michigan,Phones,Technology,6,365.18,Corporate,2191.08,370.56
ORD-00243,2024-03-15,East,Virginia,Computers,Technology,1,297.37,Consumer,297.37,17.97
ORD-00544,2024-03-15,Central,Ohio,Binders,Office Supplies,6,24.01,Corporate,144.06,46.99
ORD-00306,2024-03-17,Central,Missouri,Computers,Technology,4,337.62,Corporate,1350.48,302.86
ORD-00564,2024-03-17,West,Washington,Phones,Technology,5,410.45,Consumer,2052.25,90.12
ORD-00305,2024-03-18,South,Texas,Phones,Technology,6,792.04,Consumer,4752.24,350.43
ORD-00360,2024-03-19,South,Texas,Art,Office Supplies,6,37.33,Consumer,223.98,47.66
ORD-00464,2024-03-19,East,New Jersey,Furnishings,Furniture,9,198.74,Corporate,1788.66,13.62
ORD-00075,2024-03-20,West,Colorado,Art,Office Supplies,3,39.1,Consumer,117.3,33.94
ORD-00242,2024-03-20,West,Nevada,Computers,Technology,8,458.75,Corporate,3670.0,341.79
ORD-00392,2024-03-21,West,Colorado,Phones,Technology,10,709.66,Corporate,7096.6,389.0
ORD-00698,2024-03-21,East,New Jersey,Art,Office Supplies,3,36.26,Consumer,108.78,9.75
ORD-00341,2024-03-22,West,California,Art,Office Supplies,2,19.23,Consumer,38.46,9.34
ORD-00385,2024-03-22,South,North Carolina,Paper,Office Supplies,12,14.63,Corporate,175.56,22.66
ORD-00551,2024-03-22,Central,Ohio,Chairs,Furniture,8,458.5,Corporate,3668.0,-88.15
ORD-00509,2024-03-23,West,Arizona,Furnishings,Furniture,10,301.3,Corporate,3013.0,-89.46
ORD-00018,2024-03-25,South,Florida,Computers,Technology,6,433.06,Corporate,2598.36,476.4
ORD-00025,2024-03-25,Central,Ohio,Phones,Technology,6,670.19,Home Office,4021.14,252.09
ORD-00462,2024-03-25,South,Georgia,Art,Office Supplies,9,18.88,Consumer,169.92,35.51
ORD-00444,2024-03-26,Central,Missouri,Phones,Technology,4,694.35,Corporate,2777.4,183.05
ORD-00042,2024-03-27,South,Tennessee,Art,Office Supplies,3,24.52,Corporate,73.56,16.42
ORD-00428,2024-03-27,Central,Missouri,Computers,Technology,11,599.26,Home Office,6591.86,1808.86
ORD-00473,2024-03-27,West,Colorado,Phones,Technology,9,489.53,Consumer,4405.77,753.58
ORD-00340,2024-03-28,West,California,Computers,Technology,8,462.28,Corporate,3698.24,831.0
ORD-00432,2024-03-30,East,New Jersey,Phones,Technology,5,314.07,Home Office,1570.35,229.2
ORD-00436,2024-03-30,East,New Jersey,Binders,Office Supplies,7,31.55,Consumer,220.85,40.15
ORD-00439,2024-03-30,West,Arizona,Furnishings,Furniture,4,237.46,Consumer,949.84,23.76
ORD-00313,2024-04-01,South,North Carolina,Furnishings,Furniture,12,440.3,Corporate,5283.6,149.95
ORD-00386,2024-04-01,East,Pennsylvania,Bookcases,Furniture,8,190.68,Consumer,1525.44,-42.58
ORD-00686,2024-04-02,Central,Illinois,Storage,Office Supplies,11,34.22,Corporate,376.42,44.66
ORD-00036,2024-04-03,East,Massachusetts,Storage,Office Supplies,8,28.98,Corporate,231.84,65.03
ORD-00498,2024-04-03,East,New Jersey,Accessories,Technology,8,750.63,Home Office,6005.04,1080.21
ORD-00614,2024-04-03,Central,Michigan,Bookcases,Furniture,12,469.64,Consumer,5635.68,82.16
ORD-00514,2024-04-04,South,North Carolina,Tables,Furniture,5,483.75,Consumer,2418.75,28.14
ORD-00377,2024-04-05,West,Arizona,Tables,Furniture,2,354.04,Corporate,708.08,10.4
ORD-00218,2024-04-06,East,New Jersey,Accessories,Technology,9,547.9,Consumer,4931.1,825.77
ORD-00499,2024-04-06,West,Oregon,Phones,Technology,10,649.78,Corporate,6497.8,791.09
ORD-00199,2024-04-07,Central,Michigan,Furnishings,Furniture,10,381.22,Home Office,3812.2,6.03
ORD-00369,2024-04-07,Central,Ohio,Computers,Technology,9,719.65,Consumer,6476.85,761.33
ORD-00298,2024-04-09,Central,Missouri,Accessories,Technology,9,428.39,Home Office,3855.51,301.88
ORD-00450,2024-04-09,West,Nevada,Computers,Technology,12,268.71,Consumer,3224.52,809.95
ORD-00066,2024-04-10,West,Nevada,Accessories,Technology,12,551.5,Home Office,6618.0,1262.88
ORD-00069,2024-04-10,East,Massachusetts,Furnishings,Furniture,9,176.21,Consumer,1585.89,-6.78
ORD-00424,2024-04-10,South,Tennessee,Accessories,Technology,12,607.11,Corporate,7285.32,1722.28
ORD-00055,2024-04-11,Central,Michigan,Phones,Technology,2,320.4,Corporate,640.8,174.66
ORD-00084,2024-04-11,East,New Jersey,Chairs,Furniture,4,388.06,Corporate,1552.24,46.08
ORD-00316,2024-04-11,South,North Carolina,Binders,Office Supplies,5,19.03,Home Office,95.15,8.28
ORD-00525,2024-04-11,West,Colorado,Paper,Office Supplies,10,15.15,Consumer,151.5,48.33
ORD-00510,2024-04-12,East,New York,Art,Office Supplies,5,28.13,Consumer,140.65,9.63
ORD-00633,2024-04-12,South,North Carolina,Bookcases,Furniture,3,279.37,Consumer,838.11,19.13
ORD-00074,2024-04-13,South,North Carolina,Bookcases,Furniture,3,316.66,Consumer,949.98,25.15
ORD-00255,2024-04-14,West,Arizona,Accessories,Technology,1,464.42,Consumer,464.42,121.83
ORD-00644,2024-04-14,South,Georgia,Furnishings,Furniture,9,189.95,Consumer,1709.55,-25.92
ORD-00281,2024-04-16,South,Georgia,Storage,Office Supplies,3,29.63,Consumer,88.89,27.32
ORD-00445,2024-04-16,East,Virginia,Tables,Furniture,12,370.8,Home Office,4449.6,-63.36
ORD-00476,2024-04-17,South,Texas,Accessories,Technology,12,795.45,Consumer,9545.4,616.18
ORD-00610,2024-04-17,West,Nevada,Storage,Office Supplies,3,14.53,Consumer,43.59,10.32
ORD-00099,2024-04-18,West,Colorado,Storage,Office Supplies,5,33.11,Corporate,165.55,31.84
ORD-00322,2024-04-19,West,Washington,Phones,Technology,2,416.9,Consumer,833.8,76.35
ORD-00546,2024-04-20,South,Georgia,Chairs,Furniture,2,482.76,Corporate,965.52,28.72
ORD-00168,2024-04-21,Central,Missouri,Accessories,Technology,2,593.49,Home Office,1186.98,94.0
ORD-00253,2024-04-21,West,Colorado,Art,Office Supplies,5,13.76,Consumer,68.8,10.91
ORD-00299,2024-04-21,East,New York,Phones,Technology,9,634.86,Consumer,5713.74,685.55
ORD-00190,2024-04-23,West,Nevada,Computers,Technology,3,679.28,Consumer,2037.84,94.7
ORD-00082,2024-04-24,Central,Missouri,Phones,Technology,4,672.55,Consumer,2690.2,192.23
ORD-00176,2024-04-24,Central,Ohio,Binders,Office Supplies,10,29.55,Corporate,295.5,72.91
ORD-00040,2024-04-27,Central,Missouri,Furnishings,Furniture,11,174.54,Home Office,1919.94,22.61
ORD-00067,2024-04-27,Central,Ohio,Bookcases,Furniture,9,255.1,Consumer,2295.9,63.51
ORD-00141,2024-04-27,West,California,Computers,Technology,1,341.01,Home Office,341.01,80.54
ORD-00300,2024-04-27,East,New Jersey,Phones,Technology,9,628.15,Consumer,5653.35,1381.17
ORD-00420,2024-04-27,East,New York,Computers,Technology,6,667.91,Home Office,4007.46,1047.57
ORD-00466,2024-04-28,West,Nevada,Bookcases,Furniture,9,349.21,Corporate,3142.89,-25.62
ORD-00026,2024-04-29,East,Massachusetts,Art,Office Supplies,10,21.43,Consumer,214.3,75.13
ORD-00639,2024-04-29,East,New York,Phones,Technology,9,693.64,Corporate,6242.76,1049.96
ORD-00068,2024-04-30,West,Washington,Binders,Office Supplies,9,17.19,Consumer,154.71,45.73
ORD-00374,2024-04-30,Central,Illinois,Binders,Office Supplies,1,15.83,Corporate,15.83,3.66
ORD-00487,2024-04-30,South,Texas,Art,Office Supplies,2,36.8,Consumer,73.6,19.06
ORD-00148,2024-05-01,West,California,Paper,Office Supplies,2,39.55,Consumer,79.1,5.76
ORD-00266,2024-05-01,South,North Carolina,Tables,Furniture,7,371.05,Consumer,2597.35,119.95
ORD-00396,2024-05-01,East,Massachusetts,Computers,Technology,2,385.37,Corporate,770.74,62.02
ORD-00275,2024-05-03,West,Colorado,Phones,Technology,4,739.33,Corporate,2957.32,765.62
ORD-00151,2024-05-05,East,New Jersey,Paper,Office Supplies,1,30.34,Corporate,30.34,3.71
ORD-00433,2024-05-05,Central,Michigan,Storage,Office Supplies,5,15.5,Home Office,77.5,9.39
ORD-00465,2024-05-05,East,Massachusetts,Accessories,Technology,8,536.77,Consumer,4294.16,830.04
ORD-00096,2024-05-06,West,Oregon,Bookcases,Furniture,3,420.24,Corporate,1260.72,36.94
ORD-00359,2024-05-07,Central,Minnesota,Accessories,Technology,3,423.03,Consumer,1269.09,214.75
ORD-00511,2024-05-09,South,Tennessee,Paper,Office Supplies,8,13.24,Corporate,105.92,4.69
ORD-00343,2024-05-10,West,Oregon,Storage,Office Supplies,3,13.82,Corporate,41.46,11.04
ORD-00566,2024-05-10,West,Nevada,Accessories,Technology,11,646.49,Consumer,7111.39,617.22
ORD-00426,2024-05-11,East,New York,Accessories,Technology,3,614.29,Consumer,1842.87,181.09
ORD-00282,2024-05-13,West,Washington,Phones,Technology,3,558.62,Home Office,1675.86,84.77
ORD-00375,2024-05-13,West,California,Paper,Office Supplies,10,24.42,Home Office,244.2,26.06
ORD-00430,2024-05-13,West,Oregon,Computers,Technology,9,696.21,Corporate,6265.89,686.03
ORD-00642,2024-05-13,East,Massachusetts,Computers,Technology,5,277.26,Corporate,1386.3,159.83
ORD-00513,2024-05-14,West,Arizona,Paper,Office Supplies,6,18.26,Consumer,109.56,11.47
ORD-00602,2024-05-14,South,Florida,Art,Office Supplies,8,22.35,Consumer,178.8,50.37
ORD-00657,2024-05-14,West,Nevada,Binders,Office Supplies,8,28.69,Corporate,229.52,79.89
ORD-00172,2024-05-15,South,Florida,Accessories,Technology,11,403.88,Home Office,4442.68,501.13
ORD-00043,2024-05-16,South,Georgia,Accessories,Technology,9,408.04,Consumer,3672.36,852.66
ORD-00186,2024-05-16,East,Virginia,Art,Office Supplies,6,24.53,Consumer,147.18,20.62
ORD-00007,2024-05-17,West,Arizona,Accessories,Technology,10,562.46,Corporate,5624.6,1378.35
ORD-00131,2024-05-17,South,Georgia,Paper,Office Supplies,9,23.91,Consumer,215.19,48.35
ORD-00222,2024-05-17,East,New York,Binders,Office Supplies,1,13.89,Corporate,13.89,0.97
ORD-00235,2024-05-17,East,Pennsylvania,Accessories,Technology,10,560.49,Consumer,5604.9,1097.02
ORD-00654,2024-05-18,West,Colorado,Paper,Office Supplies,1,16.73,Corporate,16.73,6.01
ORD-00665,2024-05-18,East,Massachusetts,Accessories,Technology,4,630.31,Corporate,2521.24,642.57
ORD-00353,2024-05-19,West,Washington,Bookcases,Furniture,2,305.73,Consumer,611.46,29.4
ORD-00355,2024-05-19,East,New Jersey,Binders,Office Supplies,9,29.41,Consumer,264.69,70.63
ORD-00404,2024-05-19,South,North Carolina,Furnishings,Furniture,9,443.28,Consumer,3989.52,-98.62
ORD-00650,2024-05-19,South,North Carolina,Paper,Office Supplies,8,35.55,Home Office,284.4,88.88
ORD-00201,2024-05-20,Central,Missouri,Bookcases,Furniture,12,464.19,Consumer,5570.28,-20.97
ORD-00418,2024-05-20,East,Massachusetts,Tables,Furniture,10,368.25,Consumer,3682.5,133.03
ORD-00699,2024-05-20,Central,Missouri,Art,Office Supplies,5,16.11,Home Office,80.55,5.01
ORD-00423,2024-05-21,South,Texas,Storage,Office Supplies,5,41.56,Consumer,207.8,27.32
ORD-00056,2024-05-22,West,Washington,Tables,Furniture,6,243.79,Consumer,1462.74,31.94
ORD-00324,2024-05-23,West,Washington,Computers,Technology,1,577.37,Consumer,577.37,32.71
ORD-00350,2024-05-23,East,Massachusetts,Chairs,Furniture,12,484.53,Home Office,5814.36,154.85
ORD-00438,2024-05-23,East,New Jersey,Paper,Office Supplies,11,39.47,Home Office,434.17,43.49
ORD-00480,2024-05-23,South,Georgia,Tables,Furniture,8,317.19,Home Office,2537.52,102.41
ORD-00491,2024-05-23,Central,Minnesota,Tables,Furniture,2,448.56,Home Office,897.12,34.99
ORD-00589,2024-05-23,West,Arizona,Binders,Office Supplies,7,16.68,Consumer,116.76,29.8
ORD-00620,2024-05-23,West,Colorado,Bookcases,Furniture,5,254.89,Home Office,1274.45,-36.09
ORD-00023,2024-05-24,West,Oregon,Computers,Technology,11,768.48,Corporate,8453.28,1942.82
ORD-00114,2024-05-24,Central,Minnesota,Paper,Office Supplies,8,24.02,Corporate,192.16,17.56
ORD-00542,2024-05-24,South,North Carolina,Storage,Office Supplies,8,41.17,Consumer,329.36,91.02
ORD-00206,2024-05-25,Central,Illinois,Tables,Furniture,7,341.4,Consumer,2389.8,10.61
ORD-00215,2024-05-25,West,Colorado,Phones,Technology,10,604.18,Corporate,6041.8,251.16
ORD-00401,2024-05-25,Central,Michigan,Bookcases,Furniture,8,395.57,Consumer,3164.56,68.89
ORD-00169,2024-05-26,East,New York,Storage,Office Supplies,5,15.97,Consumer,79.85,11.55
ORD-00294,2024-05-26,Central,Missouri,Furnishings,Furniture,3,271.91,Consumer,815.73,-15.27
ORD-00431,2024-05-26,West,Washington,Phones,Technology,7,577.33,Corporate,4041.31,398.89
ORD-00314,2024-05-27,Central,Minnesota,Chairs,Furniture,3,341.19,Consumer,1023.57,34.57
ORD-00685,2024-05-27,West,Nevada,Art,Office Supplies,3,22.07,Corporate,66.21,17.17
ORD-00165,2024-05-28,South,Georgia,Tables,Furniture,3,444.74,Consumer,1334.22,55.56
ORD-00246,2024-05-28,Central,Minnesota,Storage,Office Supplies,3,27.48,Corporate,82.44,26.56
ORD-00645,2024-05-29,West,Oregon,Phones,Technology,2,695.45,Consumer,1390.9,378.02
ORD-00700,2024-05-29,East,Pennsylvania,Accessories,Technology,3,338.73,Consumer,1016.19,198.88
ORD-00062,2024-05-30,South,Tennessee,Accessories,Technology,6,711.61,Corporate,4269.66,1167.97
ORD-00064,2024-05-30,West,Oregon,Tables,Furniture,4,358.68,Home Office,1434.72,-5.91
ORD-00076,2024-05-30,East,New Jersey,Phones,Technology,4,268.6,Consumer,1074.4,48.37
ORD-00119,2024-05-30,West,Washington,Computers,Technology,1,775.81,Consumer,775.81,215.04
ORD-00419,2024-05-30,West,Washington,Bookcases,Furniture,11,393.7,Corporate,4330.7,-101.27
ORD-00489,2024-05-30,West,Nevada,Computers,Technology,6,755.14,Consumer,4530.84,376.15
ORD-00607,2024-05-30,West,Arizona,Bookcases,Furniture,12,475.55,Consumer,5706.6,173.65
ORD-00012,2024-05-31,Central,Minnesota,Binders,Office Supplies,8,20.99,Consumer,167.92,23.18
ORD-00116,2024-05-31,West,Oregon,Tables,Furniture,4,187.11,Home Office,748.44,12.46
ORD-00123,2024-05-31,Central,Michigan,Binders,Office Supplies,8,39.21,Consumer,313.68,24.88
ORD-00229,2024-06-01,Central,Missouri,Phones,Technology,2,645.38,Consumer,1290.76,251.73
ORD-00245,2024-06-01,West,Nevada,Chairs,Furniture,9,473.49,Consumer,4261.41,-39.49
ORD-00490,2024-06-01,West,Arizona,Paper,Office Supplies,7,24.07,Consumer,168.49,47.77
ORD-00027,2024-06-02,South,Georgia,Chairs,Furniture,2,298.59,Consumer,597.18,-14.04
ORD-00193,2024-06-03,East,Virginia,Phones,Technology,8,714.07,Home Office,5712.56,666.32
ORD-00412,2024-06-03,South,Texas,Phones,Technology,11,618.01,Corporate,6798.11,268.09
ORD-00569,2024-06-03,Central,Ohio,Computers,Technology,11,592.4,Corporate,6516.4,1597.11
ORD-00254,2024-06-04,Central,Illinois,Accessories,Technology,5,647.51,Consumer,3237.55,688.26
ORD-00072,2024-06-06,East,Massachusetts,Bookcases,Furniture,8,304.6,Consumer,2436.8,52.88
ORD-00421,2024-06-06,East,New York,Paper,Office Supplies,12,33.36,Consumer,400.32,72.93
ORD-00449,2024-06-07,West,Nevada,Accessories,Technology,12,453.12,Consumer,5437.44,1467.95
ORD-00508,2024-06-07,East,Pennsylvania,Paper,Office Supplies,3,24.0,Home Office,72.0,10.58
ORD-00576,2024-06-08,Central,Ohio,Accessories,Technology,3,726.71,Consumer,2180.13,302.91
ORD-00287,2024-06-09,Central,Minnesota,Art,Office Supplies,4,30.73,Corporate,122.92,41.89
ORD-00289,2024-06-09,Central,Minnesota,Phones,Technology,3,277.56,Consumer,832.68,193.39
ORD-00097,2024-06-10,East,Massachusetts,Accessories,Technology,12,513.06,Home Office,6156.72,1183.92
ORD-00130,2024-06-11,East,Virginia,Binders,Office Supplies,9,17.11,Home Office,153.99,8.02
ORD-00145,2024-06-11,West,Arizona,Storage,Office Supplies,5,24.58,Consumer,122.9,23.44
ORD-00174,2024-06-11,West,Oregon,Tables,Furniture,1,455.67,Corporate,455.67,20.67
ORD-00384,2024-06-11,West,Colorado,Tables,Furniture,5,176.97,Home Office,884.85,16.42
ORD-00600,2024-06-11,East,New Jersey,Computers,Technology,4,286.05,Corporate,1144.2,50.11
ORD-00670,2024-06-12,Central,Missouri,Bookcases,Furniture,9,262.02,Corporate,2358.18,58.54
ORD-00517,2024-06-13,South,Tennessee,Computers,Technology,6,600.53,Corporate,3603.18,929.14
ORD-00177,2024-06-14,East,New Jersey,Storage,Office Supplies,5,24.24,Consumer,121.2,15.32
ORD-00522,2024-06-14,South,Texas,Chairs,Furniture,6,305.75,Consumer,1834.5,-4.3
ORD-00663,2024-06-14,East,Virginia,Binders,Office Supplies,7,28.52,Corporate,199.64,61.03
ORD-00106,2024-06-15,East,Massachusetts,Accessories,Technology,1,634.13,Consumer,634.13,138.4
ORD-00370,2024-06-15,West,Oregon,Tables,Furniture,8,200.21,Consumer,1601.68,33.82
ORD-00585,2024-06-15,West,Arizona,Chairs,Furniture,1,399.27,Corporate,399.27,10.36
ORD-00697,2024-06-17,Central,Michigan,Storage,Office Supplies,8,37.23,Corporate,297.84,54.59
ORD-00410,2024-06-18,East,Pennsylvania,Storage,Office Supplies,10,31.23,Corporate,312.3,40.07
ORD-00526,2024-06-18,West,Oregon,Accessories,Technology,7,438.43,Corporate,3069.01,574.73
ORD-00594,2024-06-18,West,Arizona,Phones,Technology,8,334.82,Corporate,2678.56,503.67
ORD-00527,2024-06-20,Central,Ohio,Furnishings,Furniture,4,468.51,Consumer,1874.04,42.77
ORD-00156,2024-06-21,Central,Missouri,Phones,Technology,9,334.65,Home Office,3011.85,148.18
ORD-00342,2024-06-21,West,Arizona,Paper,Office Supplies,12,14.62,Consumer,175.44,27.83
ORD-00461,2024-06-21,South,Florida,Accessories,Technology,12,745.81,Consumer,8949.72,441.89
ORD-00690,2024-06-21,West,Washington,Binders,Office Supplies,6,14.23,Corporate,85.38,14.33
ORD-00323,2024-06-23,Central,Minnesota,Accessories,Technology,4,302.18,Consumer,1208.72,325.62
ORD-00280,2024-06-24,Central,Michigan,Computers,Technology,1,765.76,Home Office,765.76,100.76
ORD-00224,2024-06-25,West,Oregon,Chairs,Furniture,3,487.67,Consumer,1463.01,41.03
ORD-00321,2024-06-25,East,Pennsylvania,Art,Office Supplies,7,16.02,Corporate,112.14,11.13
ORD-00591,2024-06-25,West,Washington,Tables,Furniture,11,360.19,Corporate,3962.09,189.67
ORD-00171,2024-06-26,South,Georgia,Phones,Technology,1,695.04,Consumer,695.04,126.96
ORD-00315,2024-06-27,West,Oregon,Phones,Technology,4,504.12,Consumer,2016.48,543.88
ORD-00204,2024-06-28,West,Washington,Storage,Office Supplies,5,14.57,Corporate,72.85,14.14
ORD-00441,2024-06-29,South,Tennessee,Accessories,Technology,8,674.54,Consumer,5396.32,1366.79
ORD-00083,2024-06-30,Central,Missouri,Storage,Office Supplies,2,19.89,Consumer,39.78,4.97
ORD-00090,2024-06-30,Central,Michigan,Storage,Office Supplies,4,39.55,Consumer,158.2,42.56
ORD-00519,2024-06-30,South,Florida,Computers,Technology,10,424.57,Corporate,4245.7,1200.7
ORD-00595,2024-07-01,South,North Carolina,Computers,Technology,3,733.85,Home Office,2201.55,394.06
ORD-00183,2024-07-02,West,Oregon,Bookcases,Furniture,12,458.45,Consumer,5501.4,22.03
ORD-00293,2024-07-02,South,Texas,Binders,Office Supplies,6,13.87,Consumer,83.22,15.81
ORD-00234,2024-07-03,South,Tennessee,Bookcases,Furniture,6,329.1,Consumer,1974.6,32.18
ORD-00659,2024-07-03,South,Texas,Tables,Furniture,7,229.38,Corporate,1605.66,7.9
ORD-00691,2024-07-03,South,Georgia,Phones,Technology,9,717.3,Corporate,6455.7,826.91
ORD-00455,2024-07-07,South,North Carolina,Bookcases,Furniture,1,397.15,Home Office,397.15,1.35
ORD-00555,2024-07-07,East,New Jersey,Accessories,Technology,3,644.73,Consumer,1934.19,547.82
ORD-00608,2024-07-07,East,Pennsylvania,Computers,Technology,10,574.09,Corporate,5740.9,319.91
ORD-00325,2024-07-09,East,Virginia,Accessories,Technology,3,789.94,Corporate,2369.82,617.87
ORD-00538,2024-07-09,South,Georgia,Chairs,Furniture,12,292.66,Consumer,3511.92,124.06
ORD-00328,2024-07-10,South,North Carolina,Storage,Office Supplies,7,28.43,Home Office,199.01,55.95
ORD-00031,2024-07-11,East,Pennsylvania,Phones,Technology,3,272.39,Consumer,817.17,93.32
ORD-00479,2024-07-11,South,Georgia,Binders,Office Supplies,6,34.82,Home Office,208.92,69.8
ORD-00496,2024-07-11,South,Texas,Furnishings,Furniture,12,241.83,Corporate,2901.96,5.99
ORD-00530,2024-07-11,East,Pennsylvania,Chairs,Furniture,12,164.94,Consumer,1979.28,47.44
ORD-00592,2024-07-11,Central,Minnesota,Bookcases,Furniture,4,238.11,Consumer,952.44,36.46
ORD-00646,2024-07-11,East,Massachusetts,Furnishings,Furniture,5,403.98,Consumer,2019.9,-8.43
ORD-00484,2024-07-13,East,New Jersey,Accessories,Technology,7,681.79,Consumer,4772.53,1360.78
ORD-00213,2024-07-14,East,Pennsylvania,Paper,Office Supplies,11,35.93,Corporate,395.23,62.85
ORD-00630,2024-07-14,South,Tennessee,Computers,Technology,9,304.72,Corporate,2742.48,600.69
ORD-00535,2024-07-15,West,California,Phones,Technology,10,681.71,Consumer,6817.1,980.2
ORD-00624,2024-07-15,East,New Jersey,Storage,Office Supplies,2,14.45,Home Office,28.9,6.72
ORD-00205,2024-07-17,East,Pennsylvania,Paper,Office Supplies,5,23.73,Consumer,118.65,33.88
ORD-00228,2024-07-17,West,Nevada,Binders,Office Supplies,4,31.22,Consumer,124.88,5.43
ORD-00488,2024-07-17,East,Massachusetts,Computers,Technology,12,777.76,Consumer,9333.12,2196.56
ORD-00694,2024-07-17,East,New Jersey,Tables,Furniture,10,275.69,Home Office,2756.9,-31.87
ORD-00124,2024-07-19,West,Nevada,Storage,Office Supplies,11,19.89,Corporate,218.79,22.1
ORD-00250,2024-07-19,West,Nevada,Phones,Technology,12,671.98,Consumer,8063.76,1468.2
ORD-00268,2024-07-20,East,Virginia,Accessories,Technology,8,512.11,Consumer,4096.88,1078.42
ORD-00010,2024-07-21,West,Nevada,Bookcases,Furniture,12,315.19,Corporate,3782.28,185.73
ORD-00233,2024-07-21,East,Pennsylvania,Chairs,Furniture,11,450.92,Consumer,4960.12,234.03
ORD-00339,2024-07-21,South,North Carolina,Accessories,Technology,12,776.5,Consumer,9318.0,1003.5
ORD-00531,2024-07-21,East,New Jersey,Computers,Technology,5,381.31,Home Office,1906.55,443.26
ORD-00295,2024-07-22,West,Arizona,Binders,Office Supplies,7,23.15,Corporate,162.05,25.5
ORD-00409,2024-07-22,Central,Ohio,Phones,Technology,6,703.03,Consumer,4218.18,1059.64
ORD-00417,2024-07-23,West,Colorado,Paper,Office Supplies,2,18.48,Consumer,36.96,6.58
ORD-00536,2024-07-23,South,Texas,Furnishings,Furniture,9,249.53,Corporate,2245.77,78.08
ORD-00070,2024-07-24,South,Texas,Accessories,Technology,6,420.83,Consumer,2524.98,720.72
ORD-00539,2024-07-24,Central,Illinois,Accessories,Technology,12,659.62,Consumer,7915.44,601.05
ORD-00579,2024-07-24,South,Florida,Chairs,Furniture,8,438.95,Consumer,3511.6,0.6
ORD-00394,2024-07-25,West,Arizona,Phones,Technology,7,666.56,Corporate,4665.92,858.7
ORD-00448,2024-07-25,South,Tennessee,Storage,Office Supplies,10,17.15,Corporate,171.5,12.69
ORD-00460,2024-07-25,East,Virginia,Binders,Office Supplies,12,22.98,Consumer,275.76,31.12
ORD-00039,2024-07-26,Central,Missouri,Computers,Technology,10,749.18,Corporate,7491.8,1946.93
ORD-00472,2024-07-26,West,Nevada,Binders,Office Supplies,6,25.03,Home Office,150.18,18.3
ORD-00102,2024-07-28,Central,Illinois,Paper,Office Supplies,9,19.63,Consumer,176.67,28.58
ORD-00004,2024-07-29,Central,Minnesota,Phones,Technology,12,494.4,Consumer,5932.8,607.62
ORD-00154,2024-07-29,South,Georgia,Phones,Technology,2,684.74,Corporate,1369.48,122.31
ORD-00648,2024-07-29,West,Colorado,Binders,Office Supplies,6,24.38,Consumer,146.28,29.64
ORD-00696,2024-07-29,West,Colorado,Art,Office Supplies,10,17.68,Corporate,176.8,56.05
ORD-00077,2024-07-31,East,New York,Bookcases,Furniture,6,366.07,Home Office,2196.42,107.2
ORD-00081,2024-07-31,South,Tennessee,Computers,Technology,6,297.11,Consumer,1782.66,265.71
ORD-00047,2024-08-01,West,Colorado,Phones,Technology,7,266.48,Consumer,1865.36,111.29
ORD-00071,2024-08-01,West,Washington,Art,Office Supplies,1,18.92,Corporate,18.92,3.1
ORD-00079,2024-08-02,Central,Missouri,Storage,Office Supplies,7,13.85,Home Office,96.95,18.34
ORD-00115,2024-08-02,Central,Ohio,Binders,Office Supplies,3,25.74,Consumer,77.22,19.73
ORD-00664,2024-08-02,West,Arizona,Computers,Technology,2,384.57,Corporate,769.14,178.23
ORD-00127,2024-08-03,East,New Jersey,Tables,Furniture,7,410.39,Corporate,2872.73,-59.27
ORD-00400,2024-08-04,Central,Missouri,Chairs,Furniture,5,465.05,Consumer,2325.25,70.89
ORD-00437,2024-08-04,East,New York,Chairs,Furniture,1,308.6,Corporate,308.6,6.53
ORD-00020,2024-08-06,Central,Minnesota,Chairs,Furniture,3,302.05,Home Office,906.15,29.7
ORD-00277,2024-08-06,Central,Ohio,Phones,Technology,1,571.02,Corporate,571.02,157.8
ORD-00142,2024-08-07,West,California,Paper,Office Supplies,9,27.05,Consumer,243.45,13.73
ORD-00283,2024-08-08,Central,Ohio,Binders,Office Supplies,11,36.4,Corporate,400.4,86.99
ORD-00443,2024-08-08,South,North Carolina,Storage,Office Supplies,7,34.41,Consumer,240.87,45.39
ORD-00111,2024-08-11,West,Oregon,Chairs,Furniture,6,252.38,Consumer,1514.28,66.31
ORD-00303,2024-08-11,Central,Illinois,Phones,Technology,2,568.31,Corporate,1136.62,116.27
ORD-00413,2024-08-11,South,Tennessee,Tables,Furniture,12,438.93,Home Office,5267.16,112.97
ORD-00486,2024-08-11,East,Virginia,Tables,Furniture,8,174.62,Consumer,1396.96,-9.24
ORD-00155,2024-08-12,West,Arizona,Computers,Technology,10,710.94,Consumer,7109.4,862.56
ORD-00212,2024-08-12,Central,Ohio,Chairs,Furniture,12,311.41,Corporate,3736.92,-5.89
ORD-00532,2024-08-12,Central,Illinois,Chairs,Furniture,3,423.74,Home Office,1271.22,10.47
ORD-00094,2024-08-13,West,Nevada,Paper,Office Supplies,4,13.38,Consumer,53.52,13.94
ORD-00051,2024-08-15,West,Washington,Storage,Office Supplies,2,32.1,Consumer,64.2,5.92
ORD-00318,2024-08-15,West,Oregon,Art,Office Supplies,9,21.81,Corporate,196.29,58.4
ORD-00373,2024-08-15,Central,Illinois,Paper,Office Supplies,2,38.37,Corporate,76.74,9.72
ORD-00425,2024-08-15,East,Virginia,Storage,Office Supplies,8,34.49,Consumer,275.92,71.66
ORD-00652,2024-08-15,South,Florida,Chairs,Furniture,4,359.67,Consumer,1438.68,32.54
ORD-00164,2024-08-16,Central,Minnesota,Phones,Technology,10,259.07,Consumer,2590.7,180.44
ORD-00407,2024-08-16,Central,Minnesota,Paper,Office Supplies,5,13.79,Consumer,68.95,16.23
ORD-00037,2024-08-17,West,Arizona,Paper,Office Supplies,7,14.67,Consumer,102.69,20.27
ORD-00045,2024-08-17,West,Colorado,Chairs,Furniture,1,222.69,Consumer,222.69,-4.39
ORD-00261,2024-08-17,South,North Carolina,Accessories,Technology,3,271.0,Consumer,813.0,200.09
ORD-00337,2024-08-18,East,New York,Furnishings,Furniture,5,213.14,Consumer,1065.7,26.67
ORD-00565,2024-08-19,West,California,Chairs,Furniture,5,187.29,Consumer,936.45,21.57
ORD-00672,2024-08-21,West,Nevada,Accessories,Technology,3,599.84,Corporate,1799.52,482.77
ORD-00138,2024-08-22,South,Georgia,Tables,Furniture,2,372.57,Consumer,745.14,27.06
ORD-00140,2024-08-22,West,Washington,Chairs,Furniture,11,421.93,Consumer,4641.23,41.71
ORD-00161,2024-08-22,Central,Ohio,Binders,Office Supplies,5,37.21,Consumer,186.05,48.17
ORD-00167,2024-08-22,West,Colorado,Computers,Technology,8,728.55,Home Office,5828.4,310.7
ORD-00309,2024-08-22,East,Massachusetts,Art,Office Supplies,7,21.88,Consumer,153.16,49.45
ORD-00366,2024-08-22,East,Pennsylvania,Chairs,Furniture,6,360.45,Home Office,2162.7,46.53
ORD-00121,2024-08-23,Central,Illinois,Phones,Technology,10,642.03,Consumer,6420.3,1360.01
ORD-00363,2024-08-23,East,Pennsylvania,Paper,Office Supplies,6,21.44,Consumer,128.64,22.79
ORD-00503,2024-08-24,West,Arizona,Furnishings,Furniture,7,171.49,Consumer,1200.43,-16.15
ORD-00030,2024-08-26,West,Nevada,Art,Office Supplies,9,36.91,Home Office,332.19,67.5
ORD-00238,2024-08-26,West,Arizona,Storage,Office Supplies,2,41.55,Corporate,83.1,12.91
ORD-00290,2024-08-27,Central,Minnesota,Storage,Office Supplies,3,31.02,Consumer,93.06,3.78
ORD-00689,2024-08-28,South,Georgia,Computers,Technology,5,708.98,Home Office,3544.9,336.02
ORD-00089,2024-08-29,West,Arizona,Bookcases,Furniture,6,235.13,Consumer,1410.78,-30.41
ORD-00446,2024-08-29,West,Colorado,Bookcases,Furniture,10,270.86,Consumer,2708.6,-41.39
ORD-00524,2024-08-29,West,Arizona,Binders,Office Supplies,1,30.21,Consumer,30.21,7.32
ORD-00128,2024-08-30,East,New York,Bookcases,Furniture,9,423.19,Corporate,3808.71,92.71
ORD-00667,2024-08-30,South,Florida,Tables,Furniture,3,263.17,Corporate,789.51,-22.05
ORD-00688,2024-08-30,East,New Jersey,Tables,Furniture,6,334.12,Consumer,2004.72,-2.64
ORD-00100,2024-09-01,West,Nevada,Accessories,Technology,8,522.16,Home Office,4177.28,647.32
ORD-00192,2024-09-01,Central,Illinois,Phones,Technology,10,616.04,Consumer,6160.4,448.69
ORD-00194,2024-09-01,West,Washington,Accessories,Technology,11,344.88,Corporate,3793.68,765.86
ORD-00237,2024-09-01,East,Pennsylvania,Bookcases,Furniture,11,362.8,Corporate,3990.8,-39.04
ORD-00013,2024-09-02,West,Arizona,Accessories,Technology,10,661.32,Consumer,6613.2,1895.6
ORD-00493,2024-09-02,West,Oregon,Bookcases,Furniture,2,342.33,Consumer,684.66,21.04
ORD-00533,2024-09-03,West,Arizona,Tables,Furniture,5,321.22,Corporate,1606.1,51.7
ORD-00144,2024-09-04,Central,Illinois,Paper,Office Supplies,4,35.45,Consumer,141.8,24.37
ORD-00427,2024-09-04,Central,Ohio,Accessories,Technology,8,720.19,Consumer,5761.52,501.07
ORD-00257,2024-09-05,South,Florida,Storage,Office Supplies,11,24.59,Consumer,270.49,84.53
ORD-00231,2024-09-06,South,Florida,Tables,Furniture,10,188.19,Corporate,1881.9,51.65
ORD-00619,2024-09-06,Central,Minnesota,Accessories,Technology,11,645.42,Home Office,7099.62,1821.36
ORD-00334,2024-09-07,East,Virginia,Binders,Office Supplies,9,32.15,Home Office,289.35,58.89
ORD-00581,2024-09-07,Central,Ohio,Accessories,Technology,3,446.51,Consumer,1339.53,354.47
ORD-00120,2024-09-08,West,Washington,Computers,Technology,12,716.73,Home Office,8600.76,1195.44
ORD-00173,2024-09-09,West,Colorado,Computers,Technology,1,432.55,Corporate,432.55,91.26
ORD-00333,2024-09-10,South,Georgia,Phones,Technology,11,522.65,Consumer,5749.15,952.03
ORD-00382,2024-09-10,West,Oregon,Accessories,Technology,11,437.88,Corporate,4816.68,1233.96
ORD-00611,2024-09-10,East,Pennsylvania,Tables,Furniture,8,190.24,Consumer,1521.92,11.53
ORD-00662,2024-09-10,East,New Jersey,Tables,Furniture,7,486.96,Consumer,3408.72,-69.6
ORD-00258,2024-09-11,East,New York,Art,Office Supplies,3,16.59,Consumer,49.77,17.6
ORD-00267,2024-09-11,East,Pennsylvania,Phones,Technology,8,389.77,Consumer,3118.16,830.33
ORD-00087,2024-09-12,West,Oregon,Chairs,Furniture,10,450.39,Home Office,4503.9,131.64
ORD-00217,2024-09-13,West,Arizona,Accessories,Technology,5,668.2,Consumer,3341.0,503.31
ORD-00580,2024-09-14,East,New Jersey,Paper,Office Supplies,8,18.71,Home Office,149.68,20.35
ORD-00587,2024-09-14,West,Washington,Binders,Office Supplies,5,28.77,Consumer,143.85,35.05
ORD-00474,2024-09-15,West,Nevada,Computers,Technology,7,777.5,Home Office,5442.5,962.72
ORD-00599,2024-09-15,East,New York,Phones,Technology,4,531.57,Consumer,2126.28,102.38
ORD-00182,2024-09-16,Central,Michigan,Phones,Technology,10,627.29,Consumer,6272.9,1654.71
ORD-00240,2024-09-16,West,California,Tables,Furniture,1,171.25,Home Office,171.25,2.69
ORD-00241,2024-09-16,South,Georgia,Art,Office Supplies,4,34.88,Consumer,139.52,30.33
ORD-00286,2024-09-16,South,Georgia,Tables,Furniture,4,211.22,Home Office,844.88,-6.49
ORD-00588,2024-09-16,West,California,Storage,Office Supplies,8,27.21,Consumer,217.68,10.1
ORD-00534,2024-09-17,West,Colorado,Tables,Furniture,2,260.06,Consumer,520.12,13.75
ORD-00554,2024-09-18,Central,Ohio,Art,Office Supplies,8,29.88,Corporate,239.04,67.49
ORD-00113,2024-09-19,West,Washington,Chairs,Furniture,2,261.72,Consumer,523.44,6.43
ORD-00643,2024-09-19,West,Colorado,Furnishings,Furniture,7,276.83,Corporate,1937.81,-23.42
ORD-00679,2024-09-20,West,California,Accessories,Technology,5,614.38,Home Office,3071.9,878.31
ORD-00093,2024-09-21,West,Washington,Accessories,Technology,12,376.19,Consumer,4514.28,1012.45
ORD-00485,2024-09-21,East,New Jersey,Accessories,Technology,1,438.88,Consumer,438.88,66.72
ORD-00399,2024-09-22,Central,Ohio,Furnishings,Furniture,7,206.46,Consumer,1445.22,35.69
ORD-00052,2024-09-23,West,Nevada,Furnishings,Furniture,11,297.94,Corporate,3277.34,-42.78
ORD-00088,2024-09-23,East,New Jersey,Binders,Office Supplies,11,17.79,Corporate,195.69,33.92
ORD-00091,2024-09-23,West,Arizona,Furnishings,Furniture,1,208.12,Consumer,208.12,-5.26
ORD-00262,2024-09-23,West,Nevada,Computers,Technology,10,665.59,Corporate,6655.9,748.29
ORD-00273,2024-09-23,East,Virginia,Binders,Office Supplies,11,20.79,Consumer,228.69,76.73
ORD-00336,2024-09-24,West,Colorado,Art,Office Supplies,6,35.45,Consumer,212.7,75.36
ORD-00596,2024-09-24,East,New Jersey,Binders,Office Supplies,9,23.84,Corporate,214.56,14.77
ORD-00118,2024-09-25,East,New Jersey,Tables,Furniture,3,249.37,Consumer,748.11,18.31
ORD-00073,2024-09-26,South,Tennessee,Phones,Technology,1,287.61,Corporate,287.61,19.34
ORD-00225,2024-09-27,East,Virginia,Paper,Office Supplies,1,24.08,Corporate,24.08,8.34
ORD-00459,2024-09-27,West,Washington,Phones,Technology,10,493.46,Consumer,4934.6,1038.28
ORD-00080,2024-09-28,East,New Jersey,Furnishings,Furniture,12,407.69,Corporate,4892.28,92.28
ORD-00232,2024-10-02,South,North Carolina,Computers,Technology,9,479.65,Corporate,4316.85,742.82
ORD-00397,2024-10-02,Central,Minnesota,Bookcases,Furniture,1,206.87,Home Office,206.87,4.87
ORD-00598,2024-10-02,East,New Jersey,Bookcases,Furniture,2,320.39,Consumer,640.78,7.16
ORD-00637,2024-10-02,East,Pennsylvania,Accessories,Technology,2,705.91,Consumer,1411.82,277.21
ORD-00590,2024-10-03,Central,Michigan,Phones,Technology,10,431.03,Consumer,4310.3,245.39
ORD-00631,2024-10-03,South,Florida,Computers,Technology,4,538.05,Consumer,2152.2,494.43
ORD-00078,2024-10-05,West,California,Paper,Office Supplies,7,27.72,Corporate,194.04,31.66
ORD-00683,2024-10-06,East,Massachusetts,Paper,Office Supplies,12,17.6,Home Office,211.2,68.9
ORD-00367,2024-10-07,Central,Illinois,Binders,Office Supplies,6,24.46,Consumer,146.76,15.95
ORD-00495,2024-10-08,South,Georgia,Tables,Furniture,2,211.66,Corporate,423.32,6.64
ORD-00549,2024-10-08,West,Oregon,Furnishings,Furniture,10,218.66,Consumer,2186.6,11.8
ORD-00157,2024-10-09,East,Massachusetts,Computers,Technology,11,706.16,Home Office,7767.76,631.44
ORD-00548,2024-10-09,East,Massachusetts,Accessories,Technology,6,363.16,Consumer,2178.96,160.96
ORD-00311,2024-10-10,South,Tennessee,Accessories,Technology,2,616.2,Corporate,1232.4,199.25
ORD-00346,2024-10-10,South,Georgia,Storage,Office Supplies,4,26.21,Consumer,104.84,23.64
ORD-00675,2024-10-10,West,Colorado,Chairs,Furniture,2,401.49,Consumer,802.98,-1.44
ORD-00292,2024-10-11,Central,Michigan,Phones,Technology,12,561.42,Home Office,6737.04,1290.55
ORD-00451,2024-10-11,East,New York,Art,Office Supplies,4,16.45,Consumer,65.8,17.71
ORD-00477,2024-10-11,Central,Michigan,Binders,Office Supplies,2,15.3,Corporate,30.6,10.06
ORD-00110,2024-10-12,Central,Michigan,Storage,Office Supplies,9,24.99,Consumer,224.91,49.59
ORD-00146,2024-10-12,South,Tennessee,Computers,Technology,12,725.06,Corporate,8700.72,473.14
ORD-00203,2024-10-12,West,Oregon,Art,Office Supplies,4,27.06,Consumer,108.24,8.95
ORD-00541,2024-10-12,South,Georgia,Paper,Office Supplies,5,36.82,Consumer,184.1,48.64
ORD-00098,2024-10-13,West,Washington,Storage,Office Supplies,2,22.07,Consumer,44.14,6.5
ORD-00653,2024-10-13,West,California,Accessories,Technology,2,620.52,Corporate,1241.04,200.07
ORD-00180,2024-10-14,South,Tennessee,Art,Office Supplies,6,34.56,Corporate,207.36,34.08
ORD-00405,2024-10-14,Central,Missouri,Tables,Furniture,10,163.12,Consumer,1631.2,54.64
ORD-00137,2024-10-15,East,Pennsylvania,Computers,Technology,3,782.68,Consumer,2348.04,290.88
ORD-00302,2024-10-15,West,Arizona,Storage,Office Supplies,10,39.03,Consumer,390.3,85.19
ORD-00347,2024-10-15,West,California,Accessories,Technology,1,292.97,Home Office,292.97,41.79
ORD-00626,2024-10-15,West,Arizona,Accessories,Technology,7,278.25,Consumer,1947.75,553.74
ORD-00666,2024-10-15,East,New York,Furnishings,Furniture,4,286.81,Home Office,1147.24,44.64
ORD-00291,2024-10-16,West,California,Paper,Office Supplies,1,29.79,Consumer,29.79,2.21
ORD-00345,2024-10-16,South,Georgia,Tables,Furniture,2,458.85,Corporate,917.7,21.84
ORD-00556,2024-10-16,Central,Illinois,Computers,Technology,8,471.38,Corporate,3771.04,506.54
ORD-00651,2024-10-17,Central,Ohio,Storage,Office Supplies,1,29.43,Corporate,29.43,4.51
ORD-00402,2024-10-18,Central,Ohio,Computers,Technology,5,733.44,Consumer,3667.2,785.76
ORD-00559,2024-10-18,Central,Missouri,Accessories,Technology,10,604.01,Home Office,6040.1,1604.13
ORD-00629,2024-10-18,East,Massachusetts,Phones,Technology,5,781.41,Home Office,3907.05,965.68
ORD-00033,2024-10-20,West,Oregon,Phones,Technology,11,616.45,Home Office,6780.95,842.63
ORD-00175,2024-10-20,West,Arizona,Bookcases,Furniture,10,361.73,Home Office,3617.3,85.97
ORD-00332,2024-10-20,West,Arizona,Bookcases,Furniture,11,490.94,Home Office,5400.34,200.26
ORD-00395,2024-10-20,Central,Minnesota,Tables,Furniture,2,178.94,Consumer,357.88,-2.9
ORD-00684,2024-10-20,East,New Jersey,Computers,Technology,2,571.63,Consumer,1143.26,308.17
ORD-00434,2024-10-21,Central,Michigan,Computers,Technology,7,496.81,Corporate,3477.67,516.24
ORD-00468,2024-10-21,West,Oregon,Phones,Technology,4,667.67,Consumer,2670.68,690.12
ORD-00251,2024-10-22,West,Nevada,Storage,Office Supplies,9,16.64,Corporate,149.76,13.14
ORD-00260,2024-10-22,South,Georgia,Art,Office Supplies,10,36.92,Corporate,369.2,68.65
ORD-00389,2024-10-22,Central,Ohio,Tables,Furniture,12,331.44,Corporate,3977.28,-116.74
ORD-00475,2024-10-22,Central,Minnesota,Computers,Technology,2,522.79,Home Office,1045.58,149.99
ORD-00582,2024-10-23,West,California,Storage,Office Supplies,10,23.03,Consumer,230.3,14.34
ORD-00008,2024-10-24,West,Nevada,Computers,Technology,12,252.55,Consumer,3030.6,785.45
ORD-00024,2024-10-24,East,New York,Phones,Technology,8,302.35,Consumer,2418.8,223.42
ORD-00107,2024-10-24,South,Florida,Tables,Furniture,7,368.12,Corporate,2576.84,49.76
ORD-00440,2024-10-24,West,Oregon,Paper,Office Supplies,3,30.69,Consumer,92.07,7.67
ORD-00603,2024-10-24,Central,Illinois,Tables,Furniture,9,444.06,Consumer,3996.54,-97.88
ORD-00481,2024-10-25,East,Massachusetts,Art,Office Supplies,6,14.58,Home Office,87.48,29.88
ORD-00153,2024-10-26,Central,Missouri,Accessories,Technology,11,510.44,Corporate,5614.84,1312.26
ORD-00184,2024-10-27,Central,Michigan,Paper,Office Supplies,10,41.0,Consumer,410.0,114.03
ORD-00307,2024-10-27,West,California,Art,Office Supplies,6,15.23,Home Office,91.38,6.21
ORD-00125,2024-10-28,West,California,Binders,Office Supplies,11,16.88,Consumer,185.68,42.48
ORD-00149,2024-10-28,Central,Minnesota,Binders,Office Supplies,9,26.89,Consumer,242.01,77.89
ORD-00196,2024-10-29,Central,Illinois,Furnishings,Furniture,2,202.72,Home Office,405.44,14.79
ORD-00497,2024-10-29,West,California,Computers,Technology,1,282.66,Consumer,282.66,47.04
ORD-00211,2024-10-30,East,Pennsylvania,Computers,Technology,11,471.26,Home Office,5183.86,680.77
ORD-00416,2024-10-30,South,Florida,Phones,Technology,10,374.74,Home Office,3747.4,629.56
ORD-00572,2024-10-30,West,Washington,Phones,Technology,1,403.03,Consumer,403.03,55.63
ORD-00609,2024-10-30,West,Nevada,Chairs,Furniture,3,202.12,Corporate,606.36,18.98
ORD-00188,2024-11-01,West,California,Accessories,Technology,12,782.48,Consumer,9389.76,2108.47
ORD-00041,2024-11-02,South,Florida,Computers,Technology,4,785.76,Consumer,3143.04,721.71
ORD-00117,2024-11-02,West,Washington,Tables,Furniture,5,365.71,Home Office,1828.55,-52.63
ORD-00191,2024-11-02,Central,Illinois,Binders,Office Supplies,1,18.19,Corporate,18.19,3.72
ORD-00656,2024-11-03,West,Arizona,Tables,Furniture,4,435.96,Consumer,1743.84,51.77
ORD-00044,2024-11-04,Central,Ohio,Art,Office Supplies,8,18.99,Consumer,151.92,47.17
ORD-00223,2024-11-04,West,Arizona,Art,Office Supplies,4,36.69,Consumer,146.76,43.72
ORD-00387,2024-11-04,Central,Illinois,Phones,Technology,4,689.74,Home Office,2758.96,775.2
ORD-00388,2024-11-04,East,Virginia,Bookcases,Furniture,2,288.45,Home Office,576.9,8.02
ORD-00494,2024-11-04,Central,Minnesota,Binders,Office Supplies,3,21.26,Consumer,63.78,22.8
ORD-00563,2024-11-04,Central,Michigan,Bookcases,Furniture,2,320.92,Consumer,641.84,5.5
ORD-00136,2024-11-07,West,Washington,Binders,Office Supplies,12,23.27,Consumer,279.24,13.14
ORD-00249,2024-11-07,Central,Michigan,Accessories,Technology,4,302.64,Consumer,1210.56,113.26
ORD-00330,2024-11-07,West,Arizona,Computers,Technology,5,778.21,Corporate,3891.05,578.11
ORD-00378,2024-11-07,West,California,Tables,Furniture,11,299.14,Corporate,3290.54,-93.2
ORD-00006,2024-11-08,South,Tennessee,Accessories,Technology,6,637.03,Corporate,3822.18,185.51
ORD-00361,2024-11-08,East,Pennsylvania,Accessories,Technology,9,619.61,Consumer,5576.49,728.26
ORD-00516,2024-11-08,East,New York,Phones,Technology,6,513.23,Corporate,3079.38,264.16
ORD-00545,2024-11-08,West,Colorado,Chairs,Furniture,3,420.69,Consumer,1262.07,-1.81
ORD-00586,2024-11-08,West,Colorado,Phones,Technology,11,777.12,Consumer,8548.32,2027.53
ORD-00272,2024-11-09,South,Tennessee,Phones,Technology,3,307.85,Consumer,923.55,181.1
ORD-00348,2024-11-09,Central,Ohio,Accessories,Technology,4,254.55,Consumer,1018.2,247.92
ORD-00601,2024-11-09,West,Arizona,Tables,Furniture,8,474.85,Corporate,3798.8,-71.1
ORD-00022,2024-11-10,West,Oregon,Furnishings,Furniture,3,312.38,Corporate,937.14,-11.71
ORD-00312,2024-11-10,Central,Minnesota,Binders,Office Supplies,1,36.36,Consumer,36.36,4.67
ORD-00230,2024-11-11,South,Florida,Phones,Technology,8,555.71,Home Office,4445.68,1188.66
ORD-00557,2024-11-11,Central,Missouri,Accessories,Technology,12,582.53,Consumer,6990.36,547.89
ORD-00593,2024-11-11,South,Texas,Storage,Office Supplies,8,21.47,Consumer,171.76,23.66
ORD-00011,2024-11-12,Central,Missouri,Phones,Technology,2,360.76,Consumer,721.52,92.84
ORD-00575,2024-11-12,East,New Jersey,Chairs,Furniture,5,275.84,Home Office,1379.2,26.06
ORD-00682,2024-11-12,South,Georgia,Chairs,Furniture,10,223.88,Corporate,2238.8,80.85
ORD-00284,2024-11-13,West,Colorado,Tables,Furniture,4,189.29,Home Office,757.16,10.36
ORD-00349,2024-11-13,Central,Minnesota,Phones,Technology,2,458.52,Consumer,917.04,239.79
ORD-00376,2024-11-13,Central,Ohio,Storage,Office Supplies,7,28.45,Home Office,199.15,20.96
ORD-00622,2024-11-13,East,Virginia,Accessories,Technology,3,340.34,Consumer,1021.02,57.91
ORD-00112,2024-11-16,West,Oregon,Storage,Office Supplies,5,26.5,Corporate,132.5,34.2
ORD-00568,2024-11-16,East,Pennsylvania,Phones,Technology,5,258.35,Corporate,1291.75,96.07
ORD-00578,2024-11-16,South,Texas,Binders,Office Supplies,4,28.46,Consumer,113.84,26.82
ORD-00158,2024-11-17,Central,Michigan,Binders,Office Supplies,3,34.01,Corporate,102.03,10.94
ORD-00435,2024-11-17,East,Massachusetts,Accessories,Technology,2,270.33,Corporate,540.66,92.29
ORD-00552,2024-11-17,Central,Illinois,Art,Office Supplies,2,33.55,Corporate,67.1,11.39
ORD-00617,2024-11-17,West,Colorado,Bookcases,Furniture,10,256.48,Corporate,2564.8,116.95
ORD-00668,2024-11-17,West,Colorado,Tables,Furniture,6,163.09,Consumer,978.54,-0.64
ORD-00695,2024-11-17,South,North Carolina,Accessories,Technology,11,493.57,Consumer,5429.27,1503.03
ORD-00057,2024-11-18,West,Colorado,Computers,Technology,12,445.44,Consumer,5345.28,424.76
ORD-00317,2024-11-18,South,Texas,Chairs,Furniture,11,412.5,Home Office,4537.5,105.27
ORD-00105,2024-11-19,West,Oregon,Accessories,Technology,12,380.77,Corporate,4569.24,339.44
ORD-00210,2024-11-19,South,North Carolina,Chairs,Furniture,3,309.04,Corporate,927.12,-10.49
ORD-00583,2024-11-19,West,California,Binders,Office Supplies,3,26.88,Home Office,80.64,27.84
ORD-00625,2024-11-19,Central,Ohio,Furnishings,Furniture,12,259.96,Corporate,3119.52,-13.05
ORD-00053,2024-11-20,Central,Illinois,Storage,Office Supplies,4,36.85,Consumer,147.4,36.42
ORD-00187,2024-11-20,Central,Illinois,Computers,Technology,6,477.74,Consumer,2866.44,770.5
ORD-00256,2024-11-20,West,California,Paper,Office Supplies,7,23.05,Corporate,161.35,19.26
ORD-00271,2024-11-20,West,Oregon,Storage,Office Supplies,9,24.11,Consumer,216.99,23.17
ORD-00512,2024-11-20,South,North Carolina,Bookcases,Furniture,7,297.58,Home Office,2083.06,91.88
ORD-00621,2024-11-20,West,Washington,Accessories,Technology,5,748.88,Corporate,3744.4,482.72
ORD-00649,2024-11-20,East,New York,Storage,Office Supplies,3,38.19,Consumer,114.57,35.1
ORD-00658,2024-11-20,East,New Jersey,Storage,Office Supplies,1,31.17,Consumer,31.17,7.64
ORD-00681,2024-11-20,West,Arizona,Computers,Technology,8,417.23,Home Office,3337.84,659.35
ORD-00208,2024-11-22,East,New York,Furnishings,Furniture,12,184.49,Corporate,2213.88,5.41
ORD-00310,2024-11-22,Central,Minnesota,Accessories,Technology,1,302.15,Corporate,302.15,48.01
ORD-00166,2024-11-23,West,California,Paper,Office Supplies,4,28.73,Home Office,114.92,12.76
ORD-00219,2024-11-23,South,North Carolina,Accessories,Technology,7,438.75,Consumer,3071.25,571.47
ORD-00327,2024-11-23,West,Nevada,Art,Office Supplies,11,26.76,Consumer,294.36,15.48
ORD-00523,2024-11-23,West,Nevada,Paper,Office Supplies,7,36.22,Consumer,253.54,51.11
ORD-00628,2024-11-23,West,Arizona,Computers,Technology,12,426.81,Corporate,5121.72,316.53
ORD-00244,2024-11-25,West,Arizona,Computers,Technology,11,610.84,Corporate,6719.24,760.27
ORD-00264,2024-11-25,West,Washington,Art,Office Supplies,1,37.17,Consumer,37.17,3.65
ORD-00351,2024-11-25,Central,Illinois,Binders,Office Supplies,8,25.42,Corporate,203.36,43.2
ORD-00605,2024-11-25,South,North Carolina,Phones,Technology,4,668.53,Consumer,2674.12,445.91
ORD-00502,2024-11-28,West,Arizona,Storage,Office Supplies,12,19.7,Home Office,236.4,37.41
ORD-00673,2024-11-28,West,California,Accessories,Technology,1,599.18,Corporate,599.18,56.48
ORD-00028,2024-11-29,West,California,Storage,Office Supplies,12,23.43,Consumer,281.16,81.96
ORD-00368,2024-11-29,West,Oregon,Chairs,Furniture,12,350.28,Home Office,4203.36,21.43
ORD-00398,2024-11-29,West,Washington,Chairs,Furniture,8,447.26,Corporate,3578.08,107.68
ORD-00623,2024-11-29,West,Washington,Tables,Furniture,5,480.54,Consumer,2402.7,108.82
ORD-00678,2024-11-29,West,California,Binders,Office Supplies,3,35.21,Home Office,105.63,29.7
ORD-00319,2024-11-30,South,North Carolina,Art,Office Supplies,3,37.95,Consumer,113.85,13.72
ORD-00415,2024-11-30,West,Arizona,Accessories,Technology,3,379.68,Corporate,1139.04,217.41
ORD-00540,2024-11-30,West,Washington,Accessories,Technology,5,502.1,Corporate,2510.5,460.84
ORD-00009,2024-12-01,East,New York,Chairs,Furniture,2,235.31,Consumer,470.62,-11.27
ORD-00019,2024-12-01,Central,Illinois,Furnishings,Furniture,10,355.9,Corporate,3559.0,151.86
ORD-00288,2024-12-01,East,New York,Accessories,Technology,10,610.25,Consumer,6102.5,1207.2
ORD-00380,2024-12-01,West,Nevada,Tables,Furniture,7,265.78,Corporate,1860.46,-8.06
ORD-00521,2024-12-01,Central,Ohio,Accessories,Technology,3,553.59,Home Office,1660.77,79.64
ORD-00562,2024-12-01,South,North Carolina,Paper,Office Supplies,5,34.64,Consumer,173.2,16.45
ORD-00597,2024-12-01,West,Washington,Art,Office Supplies,10,37.48,Corporate,374.8,95.27
ORD-00470,2024-12-02,Central,Ohio,Phones,Technology,9,742.91,Consumer,6686.19,466.74
ORD-00561,2024-12-02,West,Washington,Binders,Office Supplies,8,38.4,Corporate,307.2,30.37
ORD-00693,2024-12-03,West,Nevada,Computers,Technology,2,411.68,Home Office,823.36,155.3
ORD-00331,2024-12-04,West,Washington,Phones,Technology,1,272.07,Corporate,272.07,55.07
ORD-00383,2024-12-04,East,New Jersey,Tables,Furniture,2,304.85,Consumer,609.7,26.6
ORD-00584,2024-12-04,West,Arizona,Bookcases,Furniture,2,181.44,Consumer,362.88,5.56
ORD-00618,2024-12-04,East,New Jersey,Bookcases,Furniture,1,463.21,Corporate,463.21,12.9
ORD-00216,2024-12-05,Central,Missouri,Storage,Office Supplies,1,27.88,Corporate,27.88,1.24
ORD-00247,2024-12-05,South,North Carolina,Furnishings,Furniture,5,288.39,Corporate,1441.95,-35.04
ORD-00358,2024-12-05,West,Nevada,Chairs,Furniture,6,411.07,Consumer,2466.42,116.09
ORD-00452,2024-12-05,East,New Jersey,Binders,Office Supplies,5,16.61,Consumer,83.05,5.17
ORD-00001,2024-12-06,East,Virginia,Tables,Furniture,9,207.37,Corporate,1866.33,85.43
ORD-00632,2024-12-06,East,New York,Computers,Technology,10,332.24,Corporate,3322.4,707.55
ORD-00108,2024-12-07,West,Arizona,Phones,Technology,12,739.15,Consumer,8869.8,2245.23
ORD-00326,2024-12-07,South,Georgia,Chairs,Furniture,9,300.18,Consumer,2701.62,70.75
ORD-00571,2024-12-07,East,New Jersey,Accessories,Technology,8,565.07,Corporate,4520.56,958.55
ORD-00604,2024-12-07,East,Pennsylvania,Binders,Office Supplies,10,20.6,Consumer,206.0,69.9
ORD-00687,2024-12-07,East,New Jersey,Binders,Office Supplies,5,14.77,Home Office,73.85,5.33
ORD-00029,2024-12-08,West,Colorado,Computers,Technology,12,272.21,Consumer,3266.52,425.24
ORD-00354,2024-12-08,East,New York,Phones,Technology,7,593.98,Consumer,4157.86,1182.05
ORD-00109,2024-12-09,Central,Illinois,Phones,Technology,3,302.04,Consumer,906.12,126.54
ORD-00133,2024-12-10,South,Florida,Computers,Technology,8,573.59,Consumer,4588.72,1267.78
ORD-00270,2024-12-10,Central,Minnesota,Tables,Furniture,6,342.79,Consumer,2056.74,25.41
ORD-00058,2024-12-11,West,Colorado,Phones,Technology,3,478.34,Corporate,1435.02,96.43
ORD-00061,2024-12-11,West,Oregon,Phones,Technology,12,273.16,Consumer,3277.92,532.66
ORD-00692,2024-12-11,East,New York,Phones,Technology,10,435.3,Corporate,4353.0,896.23
ORD-00680,2024-12-12,South,Tennessee,Accessories,Technology,12,458.14,Consumer,5497.68,338.47
ORD-00263,2024-12-13,South,Georgia,Accessories,Technology,8,521.55,Corporate,4172.4,981.4
ORD-00365,2024-12-13,South,Texas,Binders,Office Supplies,1,34.65,Corporate,34.65,10.95
ORD-00408,2024-12-13,East,New Jersey,Accessories,Technology,7,483.02,Home Office,3381.14,478.79
ORD-00014,2024-12-14,East,New York,Storage,Office Supplies,1,25.69,Consumer,25.69,8.0
ORD-00236,2024-12-14,South,Texas,Computers,Technology,9,725.65,Corporate,6530.85,1771.8
ORD-00606,2024-12-14,East,Pennsylvania,Paper,Office Supplies,12,14.81,Corporate,177.72,24.63
ORD-00049,2024-12-15,West,California,Paper,Office Supplies,8,17.09,Consumer,136.72,43.93
ORD-00063,2024-12-15,South,Texas,Furnishings,Furniture,8,392.82,Home Office,3142.56,12.77
ORD-00134,2024-12-16,South,Florida,Furnishings,Furniture,3,197.59,Consumer,592.77,-2.58
ORD-00135,2024-12-16,East,New Jersey,Binders,Office Supplies,11,28.62,Consumer,314.82,90.91
ORD-00143,2024-12-16,East,New Jersey,Accessories,Technology,12,262.46,Consumer,3149.52,539.53
ORD-00150,2024-12-16,Central,Ohio,Storage,Office Supplies,2,24.26,Corporate,48.52,2.64
ORD-00248,2024-12-16,South,Tennessee,Accessories,Technology,5,389.84,Consumer,1949.2,224.16
ORD-00537,2024-12-16,Central,Missouri,Computers,Technology,7,573.6,Consumer,4015.2,760.79
ORD-00616,2024-12-16,West,Oregon,Chairs,Furniture,8,492.14,Consumer,3937.12,57.19
ORD-00104,2024-12-17,East,New York,Computers,Technology,2,712.29,Consumer,1424.58,237.21
ORD-00379,2024-12-17,West,Oregon,Accessories,Technology,12,783.61,Consumer,9403.32,2138.57
ORD-00518,2024-12-17,West,Oregon,Computers,Technology,11,564.53,Corporate,6209.83,597.28
ORD-00276,2024-12-18,East,New Jersey,Storage,Office Supplies,10,17.24,Consumer,172.4,32.08
ORD-00278,2024-12-18,West,Arizona,Furnishings,Furniture,8,173.0,Corporate,1384.0,-35.73
ORD-00301,2024-12-18,South,Texas,Furnishings,Furniture,11,460.58,Corporate,5066.38,241.44
ORD-00381,2024-12-18,East,Pennsylvania,Computers,Technology,4,710.06,Consumer,2840.24,364.38
ORD-00147,2024-12-19,East,New Jersey,Phones,Technology,3,705.18,Consumer,2115.54,144.76
ORD-00214,2024-12-19,East,New York,Computers,Technology,1,681.08,Consumer,681.08,53.29
ORD-00162,2024-12-20,West,California,Phones,Technology,2,310.69,Home Office,621.38,133.85
ORD-00163,2024-12-20,West,California,Accessories,Technology,7,740.88,Consumer,5186.16,350.3
ORD-00320,2024-12-20,Central,Missouri,Bookcases,Furniture,11,325.54,Home Office,3580.94,164.69
ORD-00034,2024-12-21,East,Pennsylvania,Paper,Office Supplies,12,20.03,Corporate,240.36,61.18
ORD-00364,2024-12-21,West,Oregon,Accessories,Technology,4,753.73,Consumer,3014.92,717.8
ORD-00411,2024-12-21,West,Arizona,Bookcases,Furniture,1,235.99,Home Office,235.99,4.42
ORD-00457,2024-12-21,South,Florida,Furnishings,Furniture,6,215.36,Consumer,1292.16,29.02
ORD-00032,2024-12-22,South,Texas,Computers,Technology,7,270.85,Consumer,1895.95,152.65
ORD-00046,2024-12-22,South,Florida,Art,Office Supplies,3,38.64,Corporate,115.92,40.78
ORD-00126,2024-12-22,West,Nevada,Paper,Office Supplies,1,27.2,Consumer,27.2,6.14
ORD-00195,2024-12-22,West,Washington,Phones,Technology,8,634.4,Consumer,5075.2,585.33
ORD-00634,2024-12-22,Central,Missouri,Binders,Office Supplies,8,23.56,Corporate,188.48,35.08
ORD-00674,2024-12-22,South,North Carolina,Chairs,Furniture,8,328.76,Home Office,2630.08,126.92
ORD-00048,2024-12-23,Central,Michigan,Storage,Office Supplies,5,38.43,Home Office,192.15,53.58
ORD-00393,2024-12-23,East,Massachusetts,Phones,Technology,9,572.17,Consumer,5149.53,336.18
ORD-00453,2024-12-23,South,Georgia,Binders,Office Supplies,1,16.46,Corporate,16.46,5.36
ORD-00458,2024-12-23,South,Georgia,Chairs,Furniture,5,294.96,Consumer,1474.8,39.86
ORD-00570,2024-12-23,West,California,Furnishings,Furniture,7,238.53,Home Office,1669.71,-8.48
ORD-00671,2024-12-23,West,Oregon,Phones,Technology,12,350.06,Consumer,4200.72,1176.57
ORD-00003,2024-12-24,South,Texas,Accessories,Technology,8,337.24,Consumer,2697.92,660.02
ORD-00239,2024-12-24,West,Washington,Binders,Office Supplies,2,21.51,Consumer,43.02,1.79
ORD-00335,2024-12-25,West,Nevada,Phones,Technology,10,706.65,Consumer,7066.5,522.65
ORD-00414,2024-12-25,South,Georgia,Tables,Furniture,7,367.13,Home Office,2569.91,57.16
ORD-00515,2024-12-25,East,Pennsylvania,Accessories,Technology,11,468.6,Corporate,5154.6,794.58
ORD-00198,2024-12-26,West,Nevada,Accessories,Technology,10,486.03,Corporate,4860.3,641.93
ORD-00469,2024-12-26,Central,Minnesota,Computers,Technology,5,749.74,Home Office,3748.7,503.14
ORD-00202,2024-12-27,Central,Minnesota,Accessories,Technology,3,434.36,Corporate,1303.08,328.47
ORD-00227,2024-12-27,South,Florida,Phones,Technology,5,284.05,Corporate,1420.25,282.31
ORD-00159,2024-12-28,Central,Missouri,Binders,Office Supplies,7,14.68,Consumer,102.76,28.46
ORD-00406,2024-12-28,East,Virginia,Paper,Office Supplies,10,22.8,Corporate,228.0,57.37
ORD-00640,2024-12-28,West,California,Storage,Office Supplies,1,39.93,Consumer,39.93,6.87
ORD-00038,2024-12-29,East,New Jersey,Bookcases,Furniture,8,259.72,Consumer,2077.76,-47.26
ORD-00050,2024-12-29,Central,Minnesota,Bookcases,Furniture,12,380.5,Consumer,4566.0,-94.95
ORD-00422,2024-12-29,West,Nevada,Accessories,Technology,2,410.86,Corporate,821.72,56.82
ORD-00558,2024-12-29,East,New York,Chairs,Furniture,3,457.79,Home Office,1373.37,-37.68
ORD-00226,2024-12-30,Central,Missouri,Phones,Technology,4,476.25,Consumer,1905.0,128.5
ORD-00500,2024-12-30,West,Oregon,Accessories,Technology,9,376.02,Consumer,3384.18,359.28
ORD-00655,2024-12-30,West,Oregon,Art,Office Supplies,5,19.63,Consumer,98.15,8.86
