CustomerID,SignupDate,Region,Segment,TotalRevenue,Orders,Retained
CUST-00014,2023-01-06,South,Premium,11812.86,15,1
CUST-00236,2023-01-06,South,Basic,533.51,4,0
CUST-00485,2023-01-08,East,Basic,326.97,2,1
CUST-00670,2023-01-09,North,Basic,1094.77,1,1
CUST-00742,2023-01-15,East,Standard,3308.41,7,1
CUST-00135,2023-01-16,North,Standard,3831.72,12,1
CUST-00071,2023-01-17,South,Standard,2024.44,10,1
CUST-00441,2023-01-17,East,Basic,697.24,6,1
CUST-00355,2023-01-18,East,Standard,2811.14,11,1
CUST-00439,2023-01-18,West,Basic,805.74,4,1
CUST-00771,2023-01-18,South,Standard,2506.76,6,1
CUST-00072,2023-01-21,South,Basic,1067.35,1,1
CUST-00353,2023-01-23,West,Premium,7874.4,36,1
CUST-00461,2023-01-28,North,Standard,2018.44,14,1
CUST-00479,2023-01-30,East,Basic,576.0,5,0
CUST-00698,2023-01-31,East,Basic,867.37,5,1
CUST-00710,2023-01-31,East,Basic,217.27,6,1
CUST-00789,2023-02-01,West,Standard,1456.16,14,0
CUST-00108,2023-02-04,South,Standard,3637.94,17,0
CUST-00560,2023-02-08,West,Premium,8440.87,35,1
CUST-00121,2023-02-09,East,Standard,2859.41,13,1
CUST-00061,2023-02-12,East,Premium,10756.64,29,1
CUST-00126,2023-02-12,North,Basic,754.75,5,1
CUST-00148,2023-02-13,North,Premium,8464.54,17,1
CUST-00542,2023-02-16,South,Basic,796.25,5,1
CUST-00759,2023-02-16,South,Premium,7917.2,12,1
CUST-00448,2023-02-17,East,Basic,1080.02,3,0
CUST-00500,2023-02-17,East,Premium,11124.76,29,1
CUST-00655,2023-02-17,West,Standard,3238.05,17,1
CUST-00161,2023-02-22,West,Basic,1169.09,2,1
CUST-00095,2023-02-23,East,Basic,167.48,3,1
CUST-00490,2023-02-23,West,Standard,2088.28,17,1
CUST-00754,2023-02-23,East,Basic,761.67,3,0
CUST-00755,2023-02-23,South,Standard,2937.86,18,1
CUST-00529,2023-02-24,West,Basic,335.01,5,0
CUST-00137,2023-02-25,West,Basic,318.83,3,0
CUST-00074,2023-02-28,North,Basic,429.48,2,0
CUST-00411,2023-02-28,South,Premium,4083.23,33,1
CUST-00855,2023-02-28,West,Standard,4069.72,16,0
CUST-00146,2023-03-01,East,Basic,286.37,5,0
CUST-00129,2023-03-04,East,Premium,6776.55,17,1
CUST-00017,2023-03-08,North,Premium,10779.67,33,1
CUST-00154,2023-03-09,East,Basic,1064.36,6,0
CUST-00682,2023-03-09,West,Basic,934.5,6,1
CUST-00379,2023-03-10,South,Basic,1199.51,3,1
CUST-00069,2023-03-12,North,Basic,165.37,3,1
CUST-00352,2023-03-13,South,Basic,1196.72,4,1
CUST-00599,2023-03-13,West,Basic,890.59,6,0
CUST-00193,2023-03-14,North,Basic,1041.17,2,1
CUST-00430,2023-03-14,East,Standard,4380.82,11,1
CUST-00058,2023-03-16,East,Basic,922.41,1,0
CUST-00294,2023-03-18,West,Basic,526.56,1,1
CUST-00643,2023-03-23,North,Basic,478.0,6,1
CUST-00179,2023-03-25,North,Basic,945.63,3,1
CUST-00333,2023-03-25,East,Standard,4212.42,12,1
CUST-00835,2023-03-25,North,Basic,935.09,6,1
CUST-00501,2023-03-29,North,Basic,544.79,2,0
CUST-00785,2023-03-29,East,Basic,927.78,2,1
CUST-00422,2023-04-04,South,Basic,1085.87,3,1
CUST-00431,2023-04-05,East,Basic,568.92,5,1
CUST-00651,2023-04-07,West,Basic,436.75,4,1
CUST-00134,2023-04-09,North,Basic,436.63,1,0
CUST-00293,2023-04-10,South,Standard,2042.01,16,1
CUST-00896,2023-04-13,West,Basic,960.29,2,1
CUST-00339,2023-04-16,South,Basic,414.65,4,0
CUST-00661,2023-04-19,East,Standard,2746.29,12,1
CUST-00291,2023-04-20,West,Basic,235.27,4,0
CUST-00282,2023-04-22,North,Premium,10219.84,21,1
CUST-00738,2023-04-24,North,Basic,1006.14,2,0
CUST-00404,2023-04-30,West,Basic,227.4,3,0
CUST-00736,2023-05-01,East,Standard,2650.93,18,1
CUST-00652,2023-05-03,West,Basic,818.66,4,0
CUST-00405,2023-05-04,North,Basic,365.48,2,1
CUST-00402,2023-05-05,South,Basic,356.02,6,1
CUST-00375,2023-05-06,North,Standard,1569.72,13,1
CUST-00804,2023-05-08,South,Standard,1496.2,9,1
CUST-00410,2023-05-10,East,Premium,8599.23,22,1
CUST-00435,2023-05-11,West,Standard,2945.73,5,1
CUST-00340,2023-05-12,East,Standard,3093.61,12,1
CUST-00875,2023-05-13,East,Standard,2414.98,12,1
CUST-00630,2023-05-16,West,Premium,7560.36,39,1
CUST-00887,2023-05-17,South,Basic,484.73,5,1
CUST-00244,2023-05-18,North,Standard,2689.93,15,0
CUST-00063,2023-05-21,East,Basic,926.94,5,1
CUST-00151,2023-05-22,East,Standard,3971.78,9,1
CUST-00271,2023-05-22,North,Standard,3209.33,11,0
CUST-00514,2023-05-22,West,Standard,4276.53,17,1
CUST-00184,2023-05-24,East,Basic,1165.37,3,1
CUST-00223,2023-05-24,North,Premium,7063.14,27,1
CUST-00391,2023-05-27,East,Premium,7271.89,27,1
CUST-00057,2023-05-28,East,Premium,8183.87,14,1
CUST-00046,2023-05-31,West,Basic,487.54,1,0
CUST-00387,2023-06-03,South,Basic,829.19,2,0
CUST-00093,2023-06-07,East,Premium,7438.27,37,0
CUST-00312,2023-06-07,West,Premium,11325.34,30,1
CUST-00395,2023-06-07,East,Standard,3087.42,11,1
CUST-00473,2023-06-10,West,Basic,466.5,4,0
CUST-00365,2023-06-12,West,Standard,3393.04,11,1
CUST-00434,2023-06-13,North,Premium,8011.95,33,1
CUST-00591,2023-06-14,South,Basic,1044.15,6,0
CUST-00502,2023-06-15,West,Premium,11790.49,40,1
CUST-00610,2023-06-15,North,Standard,2049.94,7,1
CUST-00692,2023-06-15,West,Premium,10324.74,16,1
CUST-00342,2023-06-16,North,Standard,2400.37,12,0
CUST-00254,2023-06-17,North,Standard,3303.37,13,1
CUST-00548,2023-06-17,West,Basic,707.4,6,1
CUST-00007,2023-06-19,South,Standard,3128.44,15,1
CUST-00605,2023-06-19,East,Basic,186.42,5,1
CUST-00048,2023-06-21,East,Standard,1897.93,5,0
CUST-00113,2023-06-21,West,Basic,482.03,2,1
CUST-00471,2023-06-21,North,Premium,4127.27,39,1
CUST-00790,2023-06-22,East,Standard,1994.39,6,1
CUST-00861,2023-06-23,West,Basic,968.61,5,0
CUST-00843,2023-06-24,East,Standard,2684.15,12,0
CUST-00044,2023-06-25,North,Premium,7584.2,14,1
CUST-00419,2023-06-25,South,Standard,2087.02,9,0
CUST-00619,2023-06-25,North,Basic,859.87,5,1
CUST-00898,2023-06-26,North,Standard,2443.77,10,1
CUST-00065,2023-06-27,West,Standard,2780.41,8,1
CUST-00535,2023-06-27,South,Basic,938.26,6,1
CUST-00049,2023-06-29,West,Premium,4577.8,39,1
CUST-00308,2023-06-29,West,Standard,3404.05,15,1
CUST-00872,2023-07-02,North,Premium,9327.08,34,1
CUST-00553,2023-07-06,South,Basic,707.99,3,0
CUST-00248,2023-07-08,East,Basic,1032.08,2,0
CUST-00109,2023-07-12,East,Basic,1005.7,5,0
CUST-00055,2023-07-13,North,Standard,2029.7,16,1
CUST-00085,2023-07-14,East,Basic,454.07,3,1
CUST-00004,2023-07-15,East,Premium,5284.92,38,1
CUST-00157,2023-07-15,North,Standard,2565.85,9,0
CUST-00078,2023-07-18,West,Premium,6784.11,13,1
CUST-00240,2023-07-19,West,Basic,857.12,4,1
CUST-00574,2023-07-19,West,Premium,4861.29,17,1
CUST-00378,2023-07-20,North,Basic,883.82,6,1
CUST-00566,2023-07-20,South,Standard,3646.19,17,1
CUST-00852,2023-07-23,West,Basic,190.14,6,0
CUST-00675,2023-07-25,South,Basic,644.85,2,1
CUST-00076,2023-07-27,South,Basic,527.4,1,1
CUST-00472,2023-07-28,West,Standard,4351.73,5,1
CUST-00885,2023-07-29,North,Standard,1582.35,16,1
CUST-00199,2023-07-31,West,Premium,11776.15,32,1
CUST-00854,2023-07-31,North,Premium,9491.49,33,1
CUST-00870,2023-07-31,North,Basic,660.67,1,1
CUST-00188,2023-08-03,East,Premium,9369.06,20,1
CUST-00427,2023-08-03,West,Basic,895.96,6,0
CUST-00446,2023-08-03,East,Standard,2211.46,10,0
CUST-00131,2023-08-04,West,Premium,8210.77,36,1
CUST-00152,2023-08-10,West,Standard,3109.87,10,1
CUST-00555,2023-08-10,West,Basic,1006.01,5,1
CUST-00104,2023-08-13,North,Basic,700.2,1,1
CUST-00813,2023-08-13,North,Standard,2563.82,14,0
CUST-00459,2023-08-15,North,Standard,1823.97,9,0
CUST-00664,2023-08-16,West,Standard,2082.34,7,1
CUST-00403,2023-08-18,East,Basic,792.4,3,0
CUST-00856,2023-08-19,West,Standard,4362.89,15,1
CUST-00862,2023-08-19,North,Basic,1028.78,1,1
CUST-00247,2023-08-23,East,Premium,7124.44,12,1
CUST-00273,2023-08-23,North,Standard,2899.47,16,0
CUST-00103,2023-08-26,East,Premium,11094.01,24,1
CUST-00304,2023-08-28,East,Standard,3682.91,9,0
CUST-00413,2023-08-28,South,Premium,6945.62,39,0
CUST-00841,2023-08-28,West,Standard,2727.42,6,1
CUST-00463,2023-08-30,South,Basic,1018.74,6,1
CUST-00886,2023-08-30,West,Premium,8207.0,27,0
CUST-00185,2023-09-01,North,Standard,3714.51,7,1
CUST-00130,2023-09-02,North,Standard,3931.89,18,1
CUST-00202,2023-09-02,East,Basic,253.19,2,1
CUST-00440,2023-09-02,East,Standard,1306.62,18,1
CUST-00784,2023-09-03,East,Standard,3275.41,17,1
CUST-00613,2023-09-05,South,Premium,8910.87,33,1
CUST-00183,2023-09-06,West,Basic,364.9,1,1
CUST-00313,2023-09-06,North,Premium,9112.89,23,0
CUST-00595,2023-09-07,West,Basic,1145.52,2,1
CUST-00295,2023-09-09,South,Premium,6945.55,13,1
CUST-00603,2023-09-10,South,Premium,6269.83,39,1
CUST-00532,2023-09-11,North,Standard,3399.61,5,1
CUST-00382,2023-09-12,South,Standard,1517.18,16,1
CUST-00639,2023-09-13,North,Basic,1069.93,1,1
CUST-00257,2023-09-14,East,Standard,1977.7,13,0
CUST-00242,2023-09-16,North,Basic,785.99,4,1
CUST-00198,2023-09-17,East,Basic,1128.54,4,1
CUST-00544,2023-09-18,North,Standard,3201.85,9,1
CUST-00572,2023-09-18,South,Premium,7608.85,30,0
CUST-00006,2023-09-19,East,Standard,1746.9,9,0
CUST-00025,2023-09-19,East,Premium,6500.88,29,1
CUST-00726,2023-09-19,North,Basic,250.46,6,0
CUST-00617,2023-09-21,South,Basic,437.44,3,0
CUST-00539,2023-09-22,West,Premium,7438.4,17,1
CUST-00764,2023-09-22,North,Basic,283.87,3,1
CUST-00787,2023-09-22,West,Standard,2279.61,8,1
CUST-00794,2023-09-22,East,Standard,2371.62,9,0
CUST-00462,2023-09-23,North,Standard,1963.76,13,1
CUST-00229,2023-09-24,East,Basic,213.39,2,0
CUST-00260,2023-09-24,East,Standard,2283.51,5,1
CUST-00777,2023-09-24,West,Basic,621.39,2,0
CUST-00317,2023-09-25,East,Basic,939.12,4,0
CUST-00702,2023-09-26,East,Basic,152.34,1,1
CUST-00321,2023-10-02,South,Standard,2863.73,5,1
CUST-00219,2023-10-03,East,Standard,3456.89,7,0
CUST-00864,2023-10-06,West,Basic,826.55,1,1
CUST-00484,2023-10-07,West,Premium,6275.44,18,1
CUST-00558,2023-10-07,North,Basic,704.85,1,0
CUST-00322,2023-10-09,South,Basic,186.51,4,0
CUST-00163,2023-10-13,West,Standard,4330.93,10,0
CUST-00331,2023-10-15,North,Premium,10942.75,27,1
CUST-00709,2023-10-15,East,Basic,979.42,5,1
CUST-00249,2023-10-16,East,Basic,350.86,1,0
CUST-00749,2023-10-16,West,Premium,7640.33,18,1
CUST-00226,2023-10-17,South,Standard,1605.55,17,1
CUST-00642,2023-10-17,West,Standard,1634.94,14,1
CUST-00676,2023-10-19,West,Basic,823.39,3,0
CUST-00478,2023-10-21,South,Premium,5955.6,14,0
CUST-00469,2023-10-22,West,Basic,960.8,4,1
CUST-00836,2023-10-24,North,Standard,2984.92,5,0
CUST-00354,2023-10-25,West,Standard,1831.84,10,0
CUST-00598,2023-10-25,South,Basic,1156.88,5,1
CUST-00118,2023-10-26,South,Basic,833.15,6,1
CUST-00881,2023-10-27,North,Basic,351.61,4,1
CUST-00084,2023-10-29,South,Standard,2148.19,6,0
CUST-00390,2023-10-29,North,Basic,724.81,4,1
CUST-00546,2023-10-30,North,Standard,3690.71,11,0
CUST-00241,2023-10-31,North,Basic,187.63,1,0
CUST-00309,2023-10-31,East,Basic,984.39,1,0
CUST-00525,2023-10-31,West,Basic,823.1,1,0
CUST-00773,2023-10-31,South,Basic,268.35,6,1
CUST-00735,2023-11-01,East,Premium,11385.86,29,1
CUST-00750,2023-11-02,South,Standard,1914.24,9,1
CUST-00081,2023-11-10,East,Premium,9184.02,14,1
CUST-00538,2023-11-19,East,Premium,10817.52,28,1
CUST-00376,2023-11-20,North,Basic,477.81,5,0
CUST-00517,2023-11-20,West,Standard,4096.14,16,0
CUST-00724,2023-11-20,West,Standard,1318.2,7,1
CUST-00068,2023-11-21,South,Standard,3829.82,11,0
CUST-00316,2023-11-21,West,Standard,3880.41,11,1
CUST-00066,2023-11-22,North,Basic,257.13,3,1
CUST-00545,2023-11-22,West,Basic,618.21,4,1
CUST-00691,2023-11-23,East,Standard,4026.66,7,1
CUST-00302,2023-11-24,East,Standard,3385.46,6,0
CUST-00647,2023-11-24,East,Standard,3058.92,5,1
CUST-00373,2023-11-26,West,Premium,8030.28,22,0
CUST-00110,2023-11-27,West,Standard,2122.43,12,1
CUST-00690,2023-11-27,West,Basic,1011.42,3,0
CUST-00362,2023-11-28,East,Basic,910.06,1,1
CUST-00169,2023-11-30,North,Basic,821.61,6,0
CUST-00679,2023-11-30,East,Standard,2028.64,7,1
CUST-00098,2023-12-02,South,Basic,496.81,3,0
CUST-00239,2023-12-05,South,Basic,1149.51,3,0
CUST-00811,2023-12-05,North,Standard,1481.62,16,1
CUST-00196,2023-12-06,West,Premium,9512.3,24,1
CUST-00141,2023-12-07,North,Standard,3509.31,9,1
CUST-00871,2023-12-08,South,Basic,273.95,6,0
CUST-00132,2023-12-09,East,Basic,694.42,2,0
CUST-00233,2023-12-09,North,Basic,800.72,4,0
CUST-00475,2023-12-09,East,Standard,2177.49,18,1
CUST-00602,2023-12-09,North,Basic,704.92,5,1
CUST-00455,2023-12-10,South,Basic,894.06,4,1
CUST-00844,2023-12-10,North,Standard,1433.71,9,1
CUST-00695,2023-12-11,West,Basic,917.3,3,1
CUST-00181,2023-12-12,North,Basic,418.11,4,0
CUST-00369,2023-12-12,North,Standard,3546.23,17,1
CUST-00519,2023-12-13,North,Standard,1950.52,11,1
CUST-00783,2023-12-14,West,Basic,219.07,3,1
CUST-00570,2023-12-15,West,Premium,5818.6,14,1
CUST-00801,2023-12-16,North,Standard,3707.3,12,1
CUST-00884,2023-12-16,East,Premium,5213.1,16,1
CUST-00832,2023-12-17,South,Basic,427.19,1,0
CUST-00493,2023-12-18,South,Standard,2414.85,10,1
CUST-00821,2023-12-19,West,Standard,4267.79,17,0
CUST-00733,2023-12-20,East,Standard,2947.87,15,1
CUST-00825,2023-12-21,East,Standard,1417.29,11,1
CUST-00477,2023-12-22,East,Basic,1104.61,2,1
CUST-00407,2023-12-23,North,Basic,1112.51,1,0
CUST-00491,2023-12-23,East,Basic,479.65,1,1
CUST-00654,2023-12-23,East,Premium,8390.41,15,1
CUST-00550,2023-12-24,East,Premium,10989.45,22,0
CUST-00127,2023-12-26,South,Premium,6763.15,29,1
CUST-00416,2023-12-26,East,Basic,162.48,1,1
CUST-00447,2023-12-26,East,Standard,3242.6,10,1
CUST-00720,2023-12-26,East,Premium,4473.3,30,1
CUST-00325,2023-12-27,North,Standard,4038.48,5,0
CUST-00879,2023-12-27,North,Basic,603.4,2,0
CUST-00891,2023-12-27,West,Standard,2746.82,10,1
CUST-00520,2023-12-28,East,Standard,1226.45,5,1
CUST-00658,2023-12-28,South,Standard,1874.01,12,0
CUST-00483,2023-12-29,East,Premium,9899.06,25,1
CUST-00234,2023-12-30,South,Premium,11351.11,18,1
CUST-00337,2023-12-30,North,Premium,11982.73,29,1
CUST-00646,2023-12-30,West,Basic,304.17,2,1
CUST-00062,2023-12-31,East,Standard,3325.66,9,0
CUST-00849,2024-01-01,West,Basic,166.96,2,1
CUST-00106,2024-01-02,East,Basic,538.79,3,1
CUST-00326,2024-01-02,East,Premium,6737.19,20,1
CUST-00625,2024-01-03,East,Premium,7544.05,39,1
CUST-00636,2024-01-03,North,Basic,221.82,1,0
CUST-00659,2024-01-03,North,Premium,6789.59,17,1
CUST-00775,2024-01-04,West,Basic,751.2,6,1
CUST-00288,2024-01-05,South,Basic,463.58,1,0
CUST-00684,2024-01-05,West,Standard,2366.88,10,1
CUST-00263,2024-01-06,North,Basic,682.6,2,0
CUST-00332,2024-01-07,North,Basic,155.89,5,1
CUST-00883,2024-01-07,East,Standard,3136.11,15,1
CUST-00361,2024-01-09,North,Standard,2135.07,16,1
CUST-00753,2024-01-09,South,Basic,820.67,5,0
CUST-00557,2024-01-10,East,Basic,600.0,6,0
CUST-00668,2024-01-10,East,Standard,3920.49,8,1
CUST-00731,2024-01-11,East,Standard,2324.06,5,1
CUST-00349,2024-01-12,North,Premium,10056.74,25,1
CUST-00624,2024-01-12,West,Premium,5749.16,21,1
CUST-00036,2024-01-14,South,Basic,371.29,4,1
CUST-00172,2024-01-14,South,Standard,4345.1,6,1
CUST-00593,2024-01-15,South,Basic,820.34,2,0
CUST-00190,2024-01-17,East,Standard,2641.68,8,1
CUST-00552,2024-01-17,East,Premium,4930.29,24,1
CUST-00111,2024-01-20,North,Standard,2110.38,18,1
CUST-00575,2024-01-21,North,Basic,1144.87,3,0
CUST-00100,2024-01-23,South,Standard,4301.71,10,1
CUST-00357,2024-01-23,South,Basic,772.12,3,0
CUST-00252,2024-01-24,West,Premium,8387.65,31,1
CUST-00454,2024-01-24,East,Premium,7606.57,23,1
CUST-00400,2024-01-25,West,Standard,2066.04,7,1
CUST-00858,2024-01-25,West,Standard,3358.19,6,0
CUST-00496,2024-01-26,West,Basic,752.5,5,1
CUST-00237,2024-01-27,West,Premium,4435.33,21,1
CUST-00286,2024-01-27,West,Standard,3083.44,9,0
CUST-00531,2024-01-27,West,Standard,2959.87,15,1
CUST-00860,2024-01-27,West,Standard,3432.08,15,1
CUST-00023,2024-01-28,East,Premium,7590.98,24,1
CUST-00415,2024-01-28,North,Standard,4228.02,11,1
CUST-00582,2024-01-28,East,Standard,3349.7,10,1
CUST-00584,2024-01-30,South,Standard,3962.08,10,0
CUST-00719,2024-01-30,East,Standard,3324.5,8,1
CUST-00809,2024-01-30,North,Standard,4348.16,5,1
CUST-00261,2024-01-31,East,Standard,4435.7,15,1
CUST-00788,2024-02-01,South,Basic,714.3,4,0
CUST-00123,2024-02-02,West,Standard,2634.79,14,1
CUST-00776,2024-02-02,South,Standard,2628.04,6,1
CUST-00341,2024-02-03,North,Basic,468.4,1,1
CUST-00644,2024-02-05,East,Basic,590.17,3,0
CUST-00663,2024-02-05,West,Standard,2670.71,11,1
CUST-00077,2024-02-07,East,Standard,4259.48,14,1
CUST-00371,2024-02-07,North,Basic,596.76,3,0
CUST-00412,2024-02-07,East,Standard,3330.49,16,0
CUST-00266,2024-02-08,East,Basic,1040.18,5,1
CUST-00452,2024-02-08,West,Standard,2371.36,6,1
CUST-00487,2024-02-10,North,Standard,4477.93,17,1
CUST-00516,2024-02-10,North,Standard,3135.15,6,0
CUST-00778,2024-02-10,South,Premium,5988.05,14,1
CUST-00010,2024-02-13,East,Standard,3194.79,13,1
CUST-00158,2024-02-15,West,Basic,291.39,2,0
CUST-00451,2024-02-15,North,Basic,533.77,3,0
CUST-00564,2024-02-16,West,Standard,2314.39,13,1
CUST-00394,2024-02-17,South,Standard,3273.57,13,1
CUST-00696,2024-02-17,West,Premium,7628.97,26,1
CUST-00091,2024-02-18,South,Standard,2636.61,9,1
CUST-00217,2024-02-18,West,Basic,742.09,4,1
CUST-00360,2024-02-18,West,Basic,1052.79,4,0
CUST-00140,2024-02-19,South,Standard,2336.67,12,0
CUST-00206,2024-02-19,West,Standard,2076.85,12,0
CUST-00456,2024-02-19,East,Basic,462.15,2,0
CUST-00283,2024-02-20,East,Standard,1295.85,16,1
CUST-00768,2024-02-20,North,Premium,6959.58,30,1
CUST-00779,2024-02-20,West,Standard,1370.05,7,1
CUST-00449,2024-02-21,South,Standard,3398.99,18,1
CUST-00863,2024-02-22,West,Basic,998.0,2,0
CUST-00660,2024-02-24,West,Standard,2664.34,17,0
CUST-00215,2024-02-25,East,Standard,3860.23,10,0
CUST-00554,2024-02-25,South,Standard,3274.24,10,1
CUST-00747,2024-02-25,East,Standard,2822.81,8,0
CUST-00665,2024-02-27,East,Standard,2182.79,15,0
CUST-00021,2024-02-28,East,Basic,676.48,1,1
CUST-00115,2024-02-28,East,Basic,393.98,1,1
CUST-00186,2024-02-28,North,Standard,3200.79,12,1
CUST-00683,2024-02-28,West,Basic,727.15,6,0
CUST-00867,2024-02-28,West,Standard,3384.41,16,1
CUST-00890,2024-02-28,North,Standard,4334.93,5,0
CUST-00167,2024-02-29,South,Basic,840.9,4,1
CUST-00356,2024-02-29,West,Standard,3270.19,11,0
CUST-00715,2024-02-29,West,Basic,1107.74,6,1
CUST-00056,2024-03-02,West,Basic,1174.46,2,1
CUST-00467,2024-03-02,East,Basic,1095.32,6,0
CUST-00766,2024-03-02,North,Standard,1770.58,18,0
CUST-00723,2024-03-03,North,Basic,1115.23,5,1
CUST-00810,2024-03-03,West,Standard,2493.04,17,1
CUST-00480,2024-03-04,South,Basic,1103.22,4,0
CUST-00299,2024-03-05,West,Basic,753.93,3,1
CUST-00601,2024-03-05,West,Basic,770.19,1,1
CUST-00637,2024-03-06,North,Standard,2970.14,6,1
CUST-00756,2024-03-08,West,Standard,2489.77,18,1
CUST-00052,2024-03-10,West,Basic,541.34,6,1
CUST-00262,2024-03-10,East,Standard,4392.88,17,1
CUST-00285,2024-03-10,West,Basic,1127.84,2,0
CUST-00171,2024-03-11,North,Standard,1305.69,5,1
CUST-00156,2024-03-13,East,Basic,467.12,6,0
CUST-00180,2024-03-13,North,Basic,912.71,6,1
CUST-00805,2024-03-14,East,Premium,4567.79,20,1
CUST-00097,2024-03-15,South,Basic,847.61,5,0
CUST-00874,2024-03-15,East,Standard,3598.64,17,1
CUST-00096,2024-03-16,West,Premium,4433.38,26,1
CUST-00112,2024-03-16,South,Basic,1145.22,3,1
CUST-00264,2024-03-16,East,Standard,2297.71,6,1
CUST-00034,2024-03-18,East,Basic,631.35,6,1
CUST-00381,2024-03-18,North,Standard,3249.04,6,1
CUST-00384,2024-03-18,West,Basic,1171.0,3,1
CUST-00701,2024-03-18,East,Basic,1016.56,1,1
CUST-00177,2024-03-20,West,Standard,2250.96,17,1
CUST-00227,2024-03-21,East,Standard,1350.61,18,1
CUST-00498,2024-03-21,North,Standard,3032.17,9,1
CUST-00060,2024-03-22,East,Standard,3586.66,6,1
CUST-00344,2024-03-22,North,Basic,1041.99,5,1
CUST-00425,2024-03-22,East,Standard,2691.18,18,1
CUST-00083,2024-03-24,North,Standard,2441.7,10,1
CUST-00763,2024-03-24,South,Premium,6531.66,33,1
CUST-00125,2024-03-26,West,Basic,185.46,4,0
CUST-00368,2024-03-26,South,Basic,299.85,4,0
CUST-00798,2024-03-26,South,Basic,1056.69,3,0
CUST-00037,2024-03-28,South,Standard,2169.03,15,1
CUST-00318,2024-03-29,North,Premium,9831.48,37,1
CUST-00831,2024-03-29,South,Premium,10514.76,24,0
CUST-00401,2024-03-30,East,Standard,3970.68,9,0
CUST-00464,2024-03-30,North,Basic,951.58,5,0
CUST-00009,2024-03-31,East,Basic,234.16,3,1
CUST-00621,2024-03-31,East,Standard,2964.29,12,1
CUST-00587,2024-04-01,North,Basic,366.05,6,1
CUST-00746,2024-04-02,West,Standard,1743.43,8,1
CUST-00626,2024-04-03,West,Basic,177.47,5,0
CUST-00797,2024-04-03,South,Premium,9205.54,39,0
CUST-00082,2024-04-04,North,Basic,550.46,3,0
CUST-00866,2024-04-04,South,Standard,3513.31,8,1
CUST-00231,2024-04-05,East,Basic,1039.68,5,0
CUST-00839,2024-04-05,North,Basic,569.77,4,1
CUST-00536,2024-04-07,West,Standard,3495.26,12,0
CUST-00218,2024-04-08,East,Standard,1722.54,9,1
CUST-00143,2024-04-10,North,Basic,183.28,5,1
CUST-00079,2024-04-12,North,Basic,1187.93,5,0
CUST-00707,2024-04-12,South,Standard,2518.89,17,0
CUST-00324,2024-04-13,South,Basic,545.92,6,0
CUST-00714,2024-04-13,North,Premium,5353.93,40,1
CUST-00228,2024-04-14,West,Basic,962.56,1,0
CUST-00301,2024-04-14,West,Basic,267.6,3,0
CUST-00426,2024-04-16,North,Premium,8119.26,24,1
CUST-00758,2024-04-16,North,Basic,415.11,1,0
CUST-00620,2024-04-18,East,Premium,7708.63,17,1
CUST-00224,2024-04-19,South,Standard,2381.35,11,1
CUST-00432,2024-04-19,East,Basic,964.9,4,0
CUST-00210,2024-04-20,East,Basic,576.64,4,0
CUST-00256,2024-04-20,North,Standard,4031.23,7,1
CUST-00329,2024-04-21,West,Premium,9217.61,35,1
CUST-00359,2024-04-22,East,Standard,4436.34,5,1
CUST-00523,2024-04-22,East,Standard,3010.18,9,1
CUST-00717,2024-04-22,South,Standard,4073.46,11,0
CUST-00175,2024-04-23,North,Standard,4242.93,16,0
CUST-00296,2024-04-24,North,Basic,731.19,6,1
CUST-00045,2024-04-25,South,Standard,2383.74,6,1
CUST-00409,2024-04-26,East,Premium,6383.26,23,0
CUST-00160,2024-04-27,East,Basic,678.13,5,1
CUST-00221,2024-04-27,East,Standard,1931.65,10,1
CUST-00857,2024-04-27,East,Premium,8694.25,25,1
CUST-00090,2024-04-28,West,Basic,730.93,6,0
CUST-00372,2024-04-28,East,Standard,3955.36,10,1
CUST-00540,2024-04-28,West,Premium,9789.03,27,0
CUST-00865,2024-04-28,North,Premium,11197.72,26,1
CUST-00718,2024-04-30,North,Basic,688.21,1,0
CUST-00305,2024-05-02,North,Standard,3622.93,10,1
CUST-00147,2024-05-03,North,Standard,2465.95,8,1
CUST-00258,2024-05-03,South,Standard,3689.15,17,1
CUST-00265,2024-05-03,West,Premium,5303.56,30,0
CUST-00799,2024-05-03,West,Basic,347.71,1,1
CUST-00730,2024-05-04,East,Basic,519.03,6,1
CUST-00889,2024-05-04,East,Basic,153.96,3,0
CUST-00406,2024-05-05,West,Basic,486.25,5,0
CUST-00615,2024-05-06,North,Standard,3025.58,16,1
CUST-00578,2024-05-07,West,Standard,2461.36,18,1
CUST-00251,2024-05-08,East,Basic,393.05,5,1
CUST-00443,2024-05-10,West,Premium,7020.2,24,0
CUST-00571,2024-05-10,East,Premium,6558.09,31,1
CUST-00243,2024-05-11,North,Basic,1166.27,2,1
CUST-00334,2024-05-11,North,Standard,3554.15,6,1
CUST-00039,2024-05-12,North,Basic,349.24,4,1
CUST-00829,2024-05-14,North,Standard,2629.86,6,1
CUST-00897,2024-05-14,West,Basic,1075.58,4,0
CUST-00592,2024-05-15,South,Standard,1956.13,8,1
CUST-00323,2024-05-16,West,Basic,569.77,2,0
CUST-00751,2024-05-16,South,Standard,3212.76,10,0
CUST-00042,2024-05-18,East,Standard,3099.72,15,1
CUST-00310,2024-05-19,West,Standard,2232.49,14,0
CUST-00420,2024-05-19,South,Standard,1393.09,15,0
CUST-00648,2024-05-19,East,Premium,6346.57,30,1
CUST-00689,2024-05-19,South,Basic,300.44,4,0
CUST-00848,2024-05-19,East,Basic,859.24,2,1
CUST-00187,2024-05-20,South,Basic,917.81,5,0
CUST-00222,2024-05-20,West,Basic,815.28,5,1
CUST-00417,2024-05-20,North,Premium,11310.4,33,1
CUST-00623,2024-05-20,West,Basic,291.35,2,1
CUST-00445,2024-05-21,East,Basic,555.75,1,0
CUST-00507,2024-05-21,West,Standard,1779.94,6,0
CUST-00515,2024-05-22,West,Basic,442.62,3,1
CUST-00830,2024-05-22,South,Basic,832.57,4,1
CUST-00622,2024-05-23,North,Basic,857.66,1,1
CUST-00136,2024-05-24,West,Standard,1497.9,8,0
CUST-00569,2024-05-24,East,Standard,1927.03,13,0
CUST-00576,2024-05-26,East,Basic,421.17,4,0
CUST-00840,2024-05-26,East,Basic,445.12,3,1
CUST-00284,2024-05-27,East,Standard,3042.94,16,0
CUST-00528,2024-05-27,North,Premium,5201.52,37,1
CUST-00823,2024-05-28,West,Premium,10494.2,25,1
CUST-00019,2024-05-29,North,Premium,5502.03,35,0
CUST-00191,2024-05-30,South,Standard,2359.88,7,1
CUST-00504,2024-05-30,East,Basic,704.86,2,1
CUST-00470,2024-05-31,South,Basic,960.44,2,1
CUST-00320,2024-06-01,East,Basic,905.25,4,0
CUST-00144,2024-06-02,West,Premium,10467.19,17,1
CUST-00386,2024-06-02,North,Standard,3284.72,14,0
CUST-00678,2024-06-02,North,Basic,264.46,1,0
CUST-00003,2024-06-03,North,Basic,605.77,2,1
CUST-00138,2024-06-03,East,Standard,2571.25,8,0
CUST-00803,2024-06-03,East,Standard,3517.91,14,0
CUST-00030,2024-06-04,West,Standard,2631.0,18,1
CUST-00253,2024-06-04,West,Basic,1003.6,4,0
CUST-00099,2024-06-05,North,Standard,2390.02,13,0
CUST-00314,2024-06-06,North,Standard,2049.21,15,0
CUST-00397,2024-06-06,East,Basic,792.58,6,0
CUST-00374,2024-06-07,West,Standard,2636.84,16,0
CUST-00824,2024-06-07,West,Basic,244.72,5,0
CUST-00414,2024-06-08,West,Standard,3240.01,16,1
CUST-00590,2024-06-08,North,Standard,3520.31,7,1
CUST-00697,2024-06-08,South,Standard,1711.45,12,1
CUST-00274,2024-06-09,South,Standard,4320.96,10,1
CUST-00614,2024-06-10,East,Basic,339.57,2,1
CUST-00882,2024-06-10,West,Basic,151.96,2,0
CUST-00194,2024-06-11,West,Basic,756.62,4,1
CUST-00201,2024-06-11,West,Premium,5328.41,36,1
CUST-00457,2024-06-11,West,Standard,1492.9,5,1
CUST-00627,2024-06-11,East,Basic,851.93,1,1
CUST-00761,2024-06-11,North,Standard,1271.74,8,0
CUST-00255,2024-06-12,North,Basic,484.54,4,1
CUST-00509,2024-06-12,West,Premium,5375.57,16,1
CUST-00460,2024-06-13,North,Basic,956.9,4,1
CUST-00080,2024-06-14,South,Basic,481.04,6,0
CUST-00235,2024-06-14,West,Basic,1181.24,6,1
CUST-00489,2024-06-14,West,Basic,239.87,5,0
CUST-00064,2024-06-16,East,Standard,1561.75,10,1
CUST-00088,2024-06-16,South,Basic,236.11,5,1
CUST-00481,2024-06-16,East,Basic,1053.68,5,0
CUST-00547,2024-06-16,West,Basic,1018.71,3,1
CUST-00013,2024-06-18,West,Basic,874.57,4,1
CUST-00018,2024-06-19,East,Basic,765.64,3,1
CUST-00408,2024-06-19,West,Standard,2285.5,18,1
CUST-00508,2024-06-19,North,Standard,4212.65,16,1
CUST-00367,2024-06-20,North,Standard,3115.39,18,0
CUST-00770,2024-06-22,West,Basic,768.54,5,1
CUST-00086,2024-06-24,East,Premium,8570.87,39,1
CUST-00739,2024-06-25,East,Premium,5200.58,27,1
CUST-00281,2024-06-26,East,Premium,9909.23,16,1
CUST-00383,2024-06-26,South,Basic,536.7,2,0
CUST-00466,2024-06-26,North,Premium,5854.85,36,1
CUST-00527,2024-06-26,East,Standard,3215.58,6,1
CUST-00732,2024-06-26,North,Basic,498.37,3,0
CUST-00474,2024-06-27,East,Basic,463.06,6,1
CUST-00114,2024-06-28,North,Basic,849.27,5,0
CUST-00116,2024-06-28,West,Basic,941.47,3,0
CUST-00327,2024-06-28,South,Standard,3355.81,15,1
CUST-00315,2024-06-30,West,Basic,690.71,1,1
CUST-00638,2024-06-30,West,Basic,899.63,6,1
CUST-00002,2024-07-01,North,Premium,8112.63,30,1
CUST-00005,2024-07-01,West,Basic,753.92,4,1
CUST-00159,2024-07-02,North,Standard,2935.71,13,1
CUST-00012,2024-07-03,East,Basic,283.51,1,0
CUST-00737,2024-07-03,North,Standard,1383.4,15,0
CUST-00209,2024-07-05,West,Standard,1975.67,16,0
CUST-00541,2024-07-05,South,Basic,939.09,6,0
CUST-00791,2024-07-05,North,Basic,1053.37,4,0
CUST-00122,2024-07-06,East,Standard,3674.59,18,1
CUST-00214,2024-07-06,South,Standard,1727.86,15,1
CUST-00693,2024-07-06,North,Premium,6052.15,21,1
CUST-00153,2024-07-07,East,Basic,498.31,6,1
CUST-00820,2024-07-07,South,Basic,733.63,5,0
CUST-00033,2024-07-08,North,Basic,692.42,3,1
CUST-00303,2024-07-08,West,Basic,546.2,3,0
CUST-00022,2024-07-09,West,Standard,4218.43,18,1
CUST-00092,2024-07-09,West,Basic,1074.61,6,0
CUST-00276,2024-07-10,East,Standard,2590.15,17,1
CUST-00503,2024-07-10,North,Basic,198.01,6,1
CUST-00687,2024-07-11,South,Standard,1927.83,5,1
CUST-00815,2024-07-11,West,Basic,440.34,4,0
CUST-00393,2024-07-13,West,Premium,6896.75,27,1
CUST-00008,2024-07-14,North,Premium,11191.31,22,1
CUST-00051,2024-07-15,West,Basic,989.72,4,0
CUST-00070,2024-07-15,West,Standard,2908.28,13,1
CUST-00380,2024-07-15,East,Premium,7763.63,23,0
CUST-00716,2024-07-15,North,Standard,2723.64,13,1
CUST-00880,2024-07-15,East,Standard,3152.96,6,1
CUST-00350,2024-07-16,North,Standard,3921.89,13,1
CUST-00513,2024-07-16,South,Standard,1996.26,17,0
CUST-00534,2024-07-17,North,Premium,11446.64,28,1
CUST-00200,2024-07-19,North,Premium,11545.19,15,1
CUST-00208,2024-07-19,West,Basic,861.37,2,1
CUST-00628,2024-07-20,East,Standard,3991.0,5,0
CUST-00899,2024-07-20,West,Standard,3936.36,17,1
CUST-00245,2024-07-21,East,Basic,502.83,4,0
CUST-00600,2024-07-21,North,Basic,817.98,3,0
CUST-00728,2024-07-21,West,Basic,691.08,5,0
CUST-00873,2024-07-21,East,Basic,387.49,4,0
CUST-00650,2024-07-23,East,Standard,4149.26,14,1
CUST-00512,2024-07-24,North,Standard,3373.56,10,1
CUST-00895,2024-07-24,East,Premium,7283.99,35,1
CUST-00640,2024-07-25,South,Standard,2354.39,15,0
CUST-00700,2024-07-25,East,Standard,4329.83,7,1
CUST-00838,2024-07-25,North,Standard,2775.11,14,1
CUST-00269,2024-07-26,North,Standard,3141.83,9,1
CUST-00300,2024-07-26,East,Standard,4159.06,15,1
CUST-00722,2024-07-26,South,Standard,3084.62,13,1
CUST-00043,2024-07-27,East,Standard,3428.67,12,1
CUST-00363,2024-07-28,West,Standard,2484.18,13,1
CUST-00808,2024-07-28,North,Basic,1152.23,3,1
CUST-00607,2024-07-29,South,Basic,412.16,4,0
CUST-00197,2024-07-30,West,Standard,2838.5,17,0
CUST-00145,2024-07-31,South,Standard,1329.34,10,1
CUST-00680,2024-07-31,East,Basic,403.06,1,1
CUST-00795,2024-07-31,South,Standard,2925.01,5,1
CUST-00616,2024-08-01,East,Basic,332.95,5,1
CUST-00671,2024-08-01,South,Premium,8227.71,28,0
CUST-00272,2024-08-02,East,Standard,4032.67,12,1
CUST-00847,2024-08-02,East,Premium,6399.94,25,1
CUST-00488,2024-08-03,South,Basic,626.74,1,1
CUST-00762,2024-08-03,North,Standard,1943.84,5,0
CUST-00705,2024-08-04,East,Premium,5362.06,40,1
CUST-00120,2024-08-06,East,Standard,2693.84,13,1
CUST-00476,2024-08-06,South,Premium,10324.75,14,1
CUST-00641,2024-08-06,North,Standard,3567.65,6,1
CUST-00287,2024-08-07,East,Premium,11728.71,28,1
CUST-00330,2024-08-07,West,Premium,10288.97,13,0
CUST-00494,2024-08-11,East,Basic,869.5,2,1
CUST-00851,2024-08-11,North,Basic,569.09,3,1
CUST-00124,2024-08-12,West,Standard,2054.05,16,1
CUST-00268,2024-08-12,North,Standard,3407.33,16,1
CUST-00686,2024-08-12,North,Standard,2782.53,16,0
CUST-00713,2024-08-12,North,Standard,4267.55,16,1
CUST-00102,2024-08-13,West,Standard,1205.77,14,1
CUST-00170,2024-08-13,East,Standard,4410.45,18,1
CUST-00632,2024-08-14,South,Basic,1197.99,4,1
CUST-00421,2024-08-16,East,Standard,1519.05,17,1
CUST-00429,2024-08-16,North,Standard,2380.86,17,0
CUST-00026,2024-08-18,East,Standard,1344.7,9,1
CUST-00423,2024-08-18,North,Basic,848.71,1,0
CUST-00499,2024-08-18,North,Premium,9837.92,37,1
CUST-00556,2024-08-18,East,Standard,3230.24,13,1
CUST-00424,2024-08-19,East,Basic,1121.91,3,1
CUST-00629,2024-08-19,South,Premium,5956.45,31,1
CUST-00001,2024-08-20,East,Premium,7700.26,33,1
CUST-00744,2024-08-20,North,Basic,299.68,5,1
CUST-00238,2024-08-21,East,Basic,1038.15,5,0
CUST-00024,2024-08-22,East,Premium,8979.56,18,1
CUST-00173,2024-08-22,West,Basic,474.36,5,0
CUST-00780,2024-08-22,North,Basic,207.17,2,0
CUST-00634,2024-08-25,South,Basic,654.53,4,1
CUST-00117,2024-08-28,West,Premium,7019.47,13,1
CUST-00290,2024-08-28,East,Basic,1183.85,5,1
CUST-00518,2024-08-28,East,Basic,808.1,2,1
CUST-00346,2024-08-31,West,Basic,410.58,5,0
CUST-00444,2024-09-01,East,Standard,3325.85,13,1
CUST-00530,2024-09-01,South,Premium,7757.35,25,1
CUST-00774,2024-09-01,East,Basic,961.4,6,1
CUST-00029,2024-09-02,South,Standard,2216.47,17,0
CUST-00205,2024-09-02,West,Standard,3435.24,15,1
CUST-00347,2024-09-02,South,Basic,229.98,3,0
CUST-00561,2024-09-02,North,Standard,3914.05,17,0
CUST-00597,2024-09-02,North,Standard,3534.61,13,0
CUST-00028,2024-09-05,West,Standard,3313.23,9,1
CUST-00377,2024-09-05,West,Basic,599.26,4,1
CUST-00458,2024-09-05,South,Standard,2567.41,14,1
CUST-00348,2024-09-06,East,Standard,2901.0,10,1
CUST-00343,2024-09-07,East,Standard,2127.57,13,1
CUST-00565,2024-09-07,East,Basic,994.67,5,1
CUST-00203,2024-09-08,West,Standard,2342.76,16,1
CUST-00606,2024-09-08,South,Standard,3752.09,16,1
CUST-00708,2024-09-08,North,Basic,652.78,6,1
CUST-00289,2024-09-09,North,Standard,3079.46,6,1
CUST-00433,2024-09-09,South,Basic,464.73,4,1
CUST-00760,2024-09-09,North,Standard,3014.06,18,1
CUST-00757,2024-09-11,South,Basic,819.64,3,0
CUST-00328,2024-09-12,South,Premium,5393.36,38,1
CUST-00837,2024-09-12,East,Basic,1063.57,2,1
CUST-00366,2024-09-13,North,Standard,3977.42,8,1
CUST-00486,2024-09-14,East,Basic,942.51,2,0
CUST-00807,2024-09-14,East,Premium,7285.53,12,1
CUST-00900,2024-09-14,South,Standard,2099.0,14,0
CUST-00307,2024-09-15,South,Standard,2541.05,16,1
CUST-00465,2024-09-15,East,Basic,730.33,4,0
CUST-00586,2024-09-15,West,Standard,3636.37,7,1
CUST-00796,2024-09-15,West,Basic,645.7,5,0
CUST-00182,2024-09-16,South,Basic,771.94,4,1
CUST-00653,2024-09-16,West,Basic,478.4,2,1
CUST-00311,2024-09-17,East,Standard,1497.7,8,1
CUST-00345,2024-09-17,West,Basic,328.54,1,1
CUST-00608,2024-09-17,East,Premium,4640.98,29,1
CUST-00549,2024-09-18,West,Basic,175.88,2,1
CUST-00585,2024-09-19,West,Standard,1774.7,15,1
CUST-00225,2024-09-20,West,Standard,2366.03,17,1
CUST-00101,2024-09-21,South,Standard,2871.6,18,1
CUST-00806,2024-09-21,West,Basic,168.05,4,0
CUST-00389,2024-09-22,South,Standard,3350.64,9,0
CUST-00442,2024-09-22,West,Basic,404.95,5,1
CUST-00573,2024-09-22,East,Premium,4428.82,15,1
CUST-00246,2024-09-23,East,Standard,4241.02,10,0
CUST-00438,2024-09-23,West,Premium,4007.64,29,1
CUST-00769,2024-09-23,South,Standard,4277.89,15,1
CUST-00543,2024-09-24,North,Basic,361.78,6,1
CUST-00604,2024-09-24,North,Standard,1594.74,7,1
CUST-00192,2024-09-25,South,Standard,3928.67,8,1
CUST-00306,2024-09-25,North,Standard,4169.36,18,1
CUST-00609,2024-09-25,North,Basic,230.67,5,1
CUST-00800,2024-09-25,North,Basic,714.69,4,1
CUST-00015,2024-09-26,South,Premium,10245.09,15,1
CUST-00725,2024-09-27,South,Basic,720.63,1,1
CUST-00888,2024-09-27,North,Standard,3345.31,11,0
CUST-00119,2024-09-28,East,Basic,437.02,1,1
CUST-00436,2024-09-28,North,Basic,444.54,1,0
CUST-00802,2024-09-29,East,Premium,11230.03,34,1
CUST-00336,2024-09-30,West,Standard,3970.98,10,0
CUST-00174,2024-10-01,South,Basic,634.01,5,0
CUST-00370,2024-10-01,East,Basic,542.61,4,0
CUST-00685,2024-10-01,West,Standard,3215.69,17,1
CUST-00497,2024-10-02,North,Standard,1240.37,16,1
CUST-00869,2024-10-02,East,Basic,484.61,6,1
CUST-00522,2024-10-03,West,Standard,2497.83,7,1
CUST-00819,2024-10-03,East,Premium,10219.31,38,1
CUST-00850,2024-10-03,West,Basic,331.76,1,0
CUST-00645,2024-10-04,East,Standard,3027.17,7,0
CUST-00612,2024-10-05,South,Standard,3297.08,14,0
CUST-00822,2024-10-05,South,Premium,5908.09,27,1
CUST-00877,2024-10-05,East,Standard,2932.62,13,1
CUST-00688,2024-10-06,West,Premium,11615.52,40,1
CUST-00793,2024-10-06,West,Basic,265.49,4,0
CUST-00032,2024-10-07,North,Basic,242.62,6,1
CUST-00050,2024-10-07,North,Basic,422.05,4,0
CUST-00699,2024-10-07,North,Basic,451.06,6,1
CUST-00385,2024-10-08,North,Basic,1125.93,1,1
CUST-00506,2024-10-08,North,Premium,4648.3,13,0
CUST-00035,2024-10-10,West,Premium,6918.61,37,1
CUST-00510,2024-10-10,North,Basic,681.93,4,0
CUST-00089,2024-10-11,West,Basic,973.74,3,0
CUST-00706,2024-10-11,West,Basic,979.4,3,0
CUST-00211,2024-10-12,South,Basic,792.63,5,0
CUST-00741,2024-10-12,East,Basic,743.1,4,1
CUST-00059,2024-10-13,South,Basic,525.12,5,1
CUST-00521,2024-10-13,North,Basic,718.9,1,1
CUST-00524,2024-10-13,South,Standard,4014.79,14,1
CUST-00669,2024-10-13,South,Standard,3823.41,8,1
CUST-00107,2024-10-14,North,Premium,11686.95,34,1
CUST-00259,2024-10-14,West,Basic,757.5,5,0
CUST-00482,2024-10-14,North,Standard,3517.15,5,0
CUST-00195,2024-10-15,North,Premium,10659.17,13,1
CUST-00526,2024-10-16,North,Standard,1992.87,9,0
CUST-00142,2024-10-17,West,Premium,4876.86,21,0
CUST-00704,2024-10-17,South,Basic,343.37,4,0
CUST-00772,2024-10-17,East,Standard,2941.47,7,1
CUST-00812,2024-10-17,North,Basic,553.98,3,0
CUST-00816,2024-10-18,West,Basic,586.95,4,1
CUST-00729,2024-10-19,East,Standard,4493.69,17,0
CUST-00164,2024-10-20,East,Basic,861.28,6,0
CUST-00453,2024-10-20,East,Standard,2676.1,13,1
CUST-00594,2024-10-20,South,Basic,1029.25,4,0
CUST-00398,2024-10-22,North,Basic,851.01,1,0
CUST-00428,2024-10-22,West,Standard,3122.37,8,0
CUST-00041,2024-10-23,West,Premium,10059.05,20,1
CUST-00053,2024-10-23,West,Standard,1255.48,18,0
CUST-00094,2024-10-23,North,Premium,10117.72,40,1
CUST-00176,2024-10-23,South,Premium,11294.59,34,1
CUST-00279,2024-10-23,West,Basic,897.96,6,0
CUST-00027,2024-10-24,North,Basic,655.83,3,1
CUST-00087,2024-10-24,East,Standard,1634.8,5,0
CUST-00673,2024-10-24,East,Premium,6048.19,34,1
CUST-00133,2024-10-25,South,Basic,711.23,5,1
CUST-00781,2024-10-25,East,Basic,922.21,5,1
CUST-00792,2024-10-25,East,Standard,1876.64,6,1
CUST-00853,2024-10-25,South,Standard,4041.39,18,1
CUST-00563,2024-10-26,North,Standard,4426.22,5,0
CUST-00275,2024-10-27,South,Basic,745.05,6,1
CUST-00633,2024-10-27,West,Standard,4202.52,7,0
CUST-00216,2024-10-28,West,Basic,916.43,1,1
CUST-00280,2024-10-28,East,Basic,1119.05,4,0
CUST-00388,2024-10-28,North,Standard,2829.16,5,1
CUST-00551,2024-10-29,North,Basic,426.71,3,1
CUST-00596,2024-10-29,North,Basic,1045.18,1,0
CUST-00672,2024-10-30,South,Basic,707.63,4,1
CUST-00878,2024-10-30,North,Basic,1148.03,6,0
CUST-00220,2024-10-31,South,Standard,3943.04,6,1
CUST-00846,2024-10-31,East,Basic,681.6,1,0
CUST-00047,2024-11-01,West,Standard,1394.81,15,1
CUST-00577,2024-11-01,West,Basic,428.99,5,1
CUST-00828,2024-11-02,West,Premium,4950.92,15,1
CUST-00635,2024-11-03,West,Basic,680.64,6,0
CUST-00666,2024-11-03,East,Basic,972.31,1,1
CUST-00075,2024-11-06,South,Basic,246.97,3,0
CUST-00694,2024-11-06,West,Standard,3545.29,10,1
CUST-00589,2024-11-07,West,Basic,728.18,3,1
CUST-00826,2024-11-09,East,Standard,1461.11,10,0
CUST-00537,2024-11-10,East,Standard,2306.51,9,1
CUST-00782,2024-11-10,North,Basic,279.27,3,1
CUST-00128,2024-11-11,West,Premium,11031.2,33,1
CUST-00162,2024-11-11,South,Standard,2834.7,16,1
CUST-00711,2024-11-11,West,Premium,8843.83,21,1
CUST-00165,2024-11-12,South,Standard,2146.16,17,1
CUST-00859,2024-11-12,South,Standard,2014.87,7,0
CUST-00149,2024-11-13,East,Standard,2121.26,18,1
CUST-00168,2024-11-13,North,Standard,1663.72,9,0
CUST-00155,2024-11-14,South,Basic,1122.63,5,1
CUST-00038,2024-11-15,North,Standard,1904.66,7,1
CUST-00139,2024-11-15,West,Standard,1736.98,17,1
CUST-00270,2024-11-15,West,Basic,188.86,2,0
CUST-00073,2024-11-17,East,Basic,1158.09,3,1
CUST-00495,2024-11-17,East,Standard,2958.21,7,1
CUST-00559,2024-11-17,West,Premium,8015.65,40,1
CUST-00150,2024-11-18,North,Standard,1322.83,9,1
CUST-00011,2024-11-20,North,Standard,2393.19,11,1
CUST-00631,2024-11-20,West,Basic,983.39,1,1
CUST-00649,2024-11-21,South,Standard,1873.07,5,0
CUST-00662,2024-11-21,West,Basic,753.24,6,0
CUST-00868,2024-11-21,North,Basic,877.99,2,1
CUST-00054,2024-11-22,East,Standard,4062.17,6,1
CUST-00230,2024-11-22,West,Basic,1194.04,4,1
CUST-00468,2024-11-24,West,Basic,410.06,4,1
CUST-00505,2024-11-24,East,Basic,870.64,5,1
CUST-00818,2024-11-24,West,Standard,2737.94,8,1
CUST-00298,2024-11-25,East,Standard,4291.07,11,0
CUST-00740,2024-11-25,West,Standard,1783.69,5,0
CUST-00437,2024-11-26,South,Basic,1017.16,3,0
CUST-00204,2024-11-27,West,Basic,354.0,3,1
CUST-00681,2024-11-28,North,Standard,3520.67,18,1
CUST-00894,2024-11-28,West,Basic,448.05,1,1
CUST-00703,2024-11-29,West,Standard,4268.79,7,1
CUST-00178,2024-11-30,East,Standard,3333.12,12,0
CUST-00418,2024-11-30,North,Standard,3997.99,18,1
CUST-00450,2024-12-01,East,Basic,1199.75,4,1
CUST-00748,2024-12-01,South,Standard,4309.44,18,0
CUST-00833,2024-12-01,North,Standard,1611.49,17,1
CUST-00767,2024-12-02,East,Premium,9880.16,17,1
CUST-00817,2024-12-02,East,Basic,1045.76,1,0
CUST-00031,2024-12-03,North,Standard,3904.61,14,0
CUST-00667,2024-12-03,West,Premium,10372.85,26,1
CUST-00765,2024-12-04,North,Premium,8245.84,28,1
CUST-00568,2024-12-05,South,Basic,163.41,5,1
CUST-00016,2024-12-06,North,Standard,3984.16,18,0
CUST-00278,2024-12-06,West,Basic,1064.51,5,0
CUST-00399,2024-12-06,West,Standard,3518.58,9,0
CUST-00834,2024-12-07,North,Standard,1627.55,12,1
CUST-00292,2024-12-09,East,Standard,1639.67,12,0
CUST-00588,2024-12-09,West,Basic,1039.66,3,1
CUST-00745,2024-12-09,North,Standard,4399.08,11,0
CUST-00213,2024-12-10,West,Standard,2325.9,14,1
CUST-00579,2024-12-10,North,Standard,3563.3,18,0
CUST-00581,2024-12-10,West,Basic,289.18,4,0
CUST-00618,2024-12-10,West,Standard,2775.9,16,0
CUST-00277,2024-12-11,West,Standard,2357.85,13,0
CUST-00396,2024-12-11,East,Standard,3869.05,18,1
CUST-00067,2024-12-12,West,Premium,9650.22,36,1
CUST-00297,2024-12-12,East,Premium,5510.95,35,1
CUST-00727,2024-12-12,East,Standard,4483.52,15,1
CUST-00567,2024-12-13,North,Basic,769.36,3,0
CUST-00786,2024-12-13,North,Standard,1674.42,6,1
CUST-00842,2024-12-13,South,Premium,8528.08,28,1
CUST-00845,2024-12-13,South,Basic,1166.43,1,0
CUST-00020,2024-12-15,East,Basic,347.17,2,0
CUST-00611,2024-12-15,North,Standard,2409.16,18,0
CUST-00212,2024-12-16,East,Basic,983.51,3,1
CUST-00364,2024-12-16,East,Basic,1131.78,5,0
CUST-00583,2024-12-16,North,Premium,8556.77,13,1
CUST-00814,2024-12-17,East,Premium,8160.91,26,1
CUST-00105,2024-12-18,South,Standard,1780.4,9,1
CUST-00319,2024-12-19,East,Standard,2887.93,13,1
CUST-00656,2024-12-19,West,Basic,1129.52,5,1
CUST-00492,2024-12-20,East,Standard,1821.37,11,1
CUST-00712,2024-12-21,West,Standard,4170.83,9,0
CUST-00392,2024-12-22,East,Basic,1006.25,5,1
CUST-00533,2024-12-22,North,Basic,1134.33,4,0
CUST-00207,2024-12-23,West,Basic,676.53,1,0
CUST-00358,2024-12-23,West,Standard,2813.62,15,1
CUST-00876,2024-12-23,West,Basic,484.78,6,1
CUST-00232,2024-12-24,South,Premium,11318.64,31,1
CUST-00338,2024-12-24,South,Premium,6797.16,20,1
CUST-00677,2024-12-24,South,Basic,448.67,2,1
CUST-00743,2024-12-24,North,Standard,2525.38,15,1
CUST-00893,2024-12-24,East,Standard,1213.23,11,0
CUST-00189,2024-12-25,South,Standard,2954.97,6,1
CUST-00351,2024-12-25,South,Standard,2390.61,18,1
CUST-00580,2024-12-25,South,Standard,1207.15,15,0
CUST-00721,2024-12-25,South,Premium,11016.01,19,1
CUST-00752,2024-12-26,East,Basic,958.86,4,0
CUST-00827,2024-12-26,North,Premium,11623.62,23,1
CUST-00267,2024-12-27,North,Standard,1718.64,11,0
CUST-00657,2024-12-27,East,Basic,267.81,6,1
CUST-00674,2024-12-28,South,Basic,455.99,5,1
CUST-00734,2024-12-28,South,Basic,160.0,3,1
CUST-00040,2024-12-29,South,Standard,1549.76,16,1
CUST-00250,2024-12-29,West,Basic,891.27,2,0
CUST-00335,2024-12-29,North,Basic,910.19,6,1
CUST-00511,2024-12-29,West,Premium,4938.94,19,1
CUST-00892,2024-12-29,North,Standard,3211.07,8,1
CUST-00166,2024-12-30,West,Premium,11429.03,26,1
CUST-00562,2024-12-30,North,Basic,253.11,6,1
